"Species","age_sex","wing","weight","X","Y"
"Blue Tit","Adult Male",66,11.9,-3.87386138615714,56.5389817678762
"Blue Tit","Adult Male",68,12.7,-3.52549555324591,56.605859047885
"Blue Tit","Adult Male",63,10.4,-3.65554648903857,56.0535459213452
"Blue Tit","Adult Male",65,11.5,-4.24812699208225,55.9383855775084
"Blue Tit","Adult Male",64,11.1,-4.47147374491614,56.1268339835207
"Blue Tit","Adult Male",64,11,-4.2904169256171,56.6585079049648
"Blue Tit","Adult Male",64,10.7,-3.62975094215875,56.436260969045
"Blue Tit","Adult Male",65,11.5,-4.44366596587839,56.1335493214516
"Blue Tit","Adult Male",65,11.3,-4.25210710350011,56.6049420959601
"Blue Tit","Adult Male",66,11.5,-4.22871278973866,56.5039592949206
"Blue Tit","Adult Male",66,11.8,-2.85333907479669,56.417403297187
"Blue Tit","Adult Male",64,10.7,-3.58876444208669,56.5592478557907
"Blue Tit","Adult Male",67,12.2,-3.56731542279985,56.4691186066108
"Blue Tit","Adult Male",65,11.5,-3.66176345164716,55.9467812558071
"Blue Tit","Adult Male",66,11.9,-4.29276614578329,56.3653041124068
"Blue Tit","Adult Male",65,11.1,-3.3994055581536,56.6639644012401
"Blue Tit","Adult Male",66,11.9,-3.44522654240149,56.6364919974662
"Blue Tit","Adult Male",67,12.2,-4.61691434301517,56.1266124602637
"Blue Tit","Adult Male",64,10.9,-4.68760877650437,56.4207883182785
"Blue Tit","Adult Male",65,11.2,-3.83363714456943,56.3513988137475
"Blue Tit","Adult Male",65,11.1,-3.7800175360182,56.6091746676513
"Blue Tit","Adult Male",65,11.2,-3.83595462223935,56.6603019751157
"Blue Tit","Adult Male",67,12,-4.36914659640113,56.225898012938
"Blue Tit","Adult Male",64,11.1,-3.68063480755218,55.987957564149
"Blue Tit","Adult Male",63,10.3,-3.79421143453906,56.5884782698878
"Blue Tit","Adult Male",67,11.9,-4.39372962474674,56.0750258957417
"Blue Tit","Adult Male",66,11.9,-4.02159976522464,56.0408195111004
"Blue Tit","Adult Male",67,11.9,-3.35533743194243,56.730197532195
"Blue Tit","Adult Male",66,11.7,-3.65449753830033,56.3513470007056
"Blue Tit","Adult Male",65,11.1,-3.80098238936403,56.0045896111339
"Blue Tit","Adult Male",67,12,-3.27700507418989,56.3239609133603
"Blue Tit","Adult Male",66,11.5,-4.36012127842312,56.480163530232
"Blue Tit","Adult Male",66,11.6,-3.66061521902402,56.5743892753884
"Blue Tit","Adult Male",66,11.7,-2.76837319140782,56.2255450973671
"Blue Tit","Adult Male",66,11.7,-3.66754008437633,56.5665248134647
"Blue Tit","Adult Male",65,11.2,-3.46169220728355,56.1336153678607
"Blue Tit","Adult Male",67,11.9,-4.03019794713518,55.9806086416892
"Blue Tit","Adult Male",66,11.9,-3.47496222388603,55.9708820942191
"Blue Tit","Adult Male",65,11.3,-4.08533061433609,55.9346793907377
"Blue Tit","Adult Male",65,11.1,-3.74878119131835,56.3728103059301
"Blue Tit","Adult Male",64,10.8,-4.06345215583272,56.7367571591106
"Blue Tit","Adult Male",63,10.3,-3.55065523126541,56.483342756165
"Blue Tit","Adult Male",66,11.5,-3.23610221827114,56.1161630664486
"Blue Tit","Adult Male",67,12.3,-4.3406767265514,56.4179413987978
"Blue Tit","Adult Male",65,11.1,-3.57574921770076,56.5459136531272
"Blue Tit","Adult Male",66,11.9,-3.71396585767725,56.2483247599583
"Blue Tit","Adult Male",64,11,-3.61780995792113,55.8163147116595
"Blue Tit","Adult Male",65,11.3,-4.06449105240043,56.2053257921107
"Blue Tit","Adult Male",65,11.1,-3.80017242032376,56.0805007024045
"Blue Tit","Adult Male",66,11.7,-4.01146663712544,56.2124806910744
"Blue Tit","Adult Male",66,11.6,-3.69910411758652,56.4081699216566
"Blue Tit","Adult Male",66,11.8,-4.3104999102033,56.3229285734047
"Blue Tit","Adult Male",66,11.6,-4.72988360540635,56.3070108663626
"Blue Tit","Adult Male",66,11.6,-3.95504768811234,56.3515144937214
"Blue Tit","Adult Male",64,10.8,-4.48493527354606,56.1542961729265
"Blue Tit","Adult Male",64,10.9,-3.00236384036496,56.2080511945073
"Blue Tit","Adult Male",64,11,-4.03439116743074,56.67475215654
"Blue Tit","Adult Male",64,10.9,-3.63912517502171,56.0978343079426
"Blue Tit","Adult Male",65,11.4,-4.62037993439012,56.4055651297636
"Blue Tit","Adult Male",65,11.5,-3.5361992209658,55.8145027859926
"Blue Tit","Adult Male",67,12.1,-4.0672081279558,56.3799355224882
"Blue Tit","Adult Male",65,11.5,-3.60995911382939,56.1712691285292
"Blue Tit","Adult Male",66,11.6,-3.25443073434414,56.4430141301571
"Blue Tit","Adult Male",67,12.1,-3.14985401700711,56.4736751820477
"Blue Tit","Adult Male",64,11,-3.64795875533279,56.4305363995653
"Blue Tit","Adult Male",67,12,-2.95199090155307,56.2650134699438
"Blue Tit","Adult Male",66,11.6,-4.26148081088731,56.221750717436
"Blue Tit","Adult Male",65,11.3,-3.49910831050198,56.3776211753438
"Blue Tit","Adult Male",65,11.1,-4.45157650076343,56.1722363628156
"Blue Tit","Adult Male",66,11.8,-3.20065460109993,56.5302271346292
"Blue Tit","Adult Male",65,11.2,-3.96524811166558,56.19864951762
"Blue Tit","Adult Male",65,11.3,-3.92415311558782,56.773573499192
"Blue Tit","Adult Male",64,10.7,-4.34170014089582,56.5907127768303
"Blue Tit","Adult Male",65,11.3,-4.46618058901277,56.1234498844676
"Blue Tit","Adult Male",67,12,-4.71716191259031,56.3930944037699
"Blue Tit","Adult Male",68,12.5,-4.05831428512973,56.5833714890322
"Blue Tit","Adult Male",65,11.1,-3.92771598756766,56.2929899010572
"Blue Tit","Adult Male",67,12.2,-4.45556607430226,56.4149795477557
"Blue Tit","Adult Male",67,12.3,-3.57857491986848,56.3757177941526
"Blue Tit","Adult Male",65,11.4,-2.8235498694901,56.4286534541969
"Blue Tit","Adult Male",66,11.6,-3.81537926890348,56.1557792425726
"Blue Tit","Adult Male",66,11.7,-3.64770625508495,56.6096254678622
"Blue Tit","Adult Male",66,11.6,-3.96836280720346,56.7215157000827
"Blue Tit","Adult Male",66,11.7,-4.48537581076988,56.1216647679101
"Blue Tit","Adult Male",64,11.1,-4.27462318617644,56.6762043704127
"Blue Tit","Adult Male",66,11.5,-4.68091529428767,56.2430481060743
"Blue Tit","Adult Male",64,10.7,-2.84604271739707,56.4037822291652
"Blue Tit","Adult Male",66,11.7,-3.67786218300949,56.0987676260178
"Blue Tit","Adult Male",66,11.8,-4.08356528361905,56.227206976909
"Blue Tit","Adult Male",68,12.5,-3.19442346538367,56.2154356788755
"Blue Tit","Adult Male",65,11.1,-3.58341226417733,55.8239122683965
"Blue Tit","Adult Male",66,11.6,-4.29333675451878,56.248372537578
"Blue Tit","Adult Male",67,12.1,-4.32381001745506,55.9830585605895
"Blue Tit","Adult Male",65,11.5,-3.51145680982697,56.7643157606512
"Blue Tit","Adult Male",66,11.9,-3.18789596540715,56.654757770032
"Blue Tit","Adult Male",65,11.5,-3.96410794971987,56.38302783774
"Blue Tit","Adult Male",67,12.2,-4.6553694302112,56.1152962783159
"Blue Tit","Adult Male",66,11.6,-4.4184208121634,56.3561099547467
"Blue Tit","Adult Male",64,10.8,-4.02141983195889,56.1480048510586
"Blue Tit","Adult Male",64,10.9,-3.56433630762972,56.5529051160716
"Blue Tit","Adult Female",63,11.9,-3.74761226287833,56.4400663507019
"Blue Tit","Adult Female",63,11.9,-3.26110724836937,56.6472717575597
"Blue Tit","Adult Female",64,12.7,-4.34160884786864,56.6935336150626
"Blue Tit","Adult Female",64,12.7,-3.79388762967061,55.9082256192879
"Blue Tit","Adult Female",63,12.1,-4.28949198461606,55.9622257324527
"Blue Tit","Adult Female",62,11.4,-4.40987635837011,56.3569125358289
"Blue Tit","Adult Female",64,12.5,-3.8202051787786,55.917797464445
"Blue Tit","Adult Female",65,13.4,-4.50599939607186,56.1470465982354
"Blue Tit","Adult Female",63,12.2,-4.4981241188821,56.3352434200819
"Blue Tit","Adult Female",64,12.5,-3.73534909136349,56.4082473524034
"Blue Tit","Adult Female",62,11.5,-3.97053138059524,56.7291309167697
"Blue Tit","Adult Female",62,11.4,-3.39900058811708,56.4327657955289
"Blue Tit","Adult Female",64,12.8,-3.98697417610163,55.8395760943469
"Blue Tit","Adult Female",64,12.5,-4.01123870058226,56.6680258160167
"Blue Tit","Adult Female",65,13.3,-4.2857515231753,56.3602695849683
"Blue Tit","Adult Female",65,13.2,-3.58841653241552,56.5769530260739
"Blue Tit","Adult Female",62,11.3,-4.39145277539859,56.0404817119238
"Blue Tit","Adult Female",65,13,-3.31794591834671,55.8880982514011
"Blue Tit","Adult Female",64,12.9,-4.30236475476086,56.4612412642513
"Blue Tit","Adult Female",64,12.5,-4.28327808541932,56.3301903215616
"Blue Tit","Adult Female",64,12.9,-3.97883994303684,56.6822721153886
"Blue Tit","Adult Female",64,12.7,-3.91760203425155,56.2970748843081
"Blue Tit","Adult Female",64,12.7,-4.06749461032433,56.6007293239343
"Blue Tit","Adult Female",61,10.8,-4.19810406179536,56.4889765469979
"Blue Tit","Adult Female",65,13.2,-4.31283755160777,56.3538622181065
"Blue Tit","Adult Female",62,11.5,-4.00343092669915,56.7454807782272
"Blue Tit","Adult Female",63,11.8,-4.55843465189425,56.1686807416033
"Blue Tit","Adult Female",63,12.2,-4.09855731679536,56.8101051490474
"Blue Tit","Adult Female",64,12.5,-3.0000034688308,56.3007405204452
"Blue Tit","Adult Female",64,12.7,-4.33603333310765,56.4620245155884
"Blue Tit","Adult Female",62,11.2,-3.896433877182,56.6506425065773
"Blue Tit","Adult Female",63,12.2,-4.46177369624898,56.1323328176254
"Blue Tit","Adult Female",65,13.3,-4.44378084128172,56.7072166094486
"Blue Tit","Adult Female",63,11.9,-4.51632061044215,56.6326158032904
"Blue Tit","Adult Female",62,11.4,-4.51500716092359,56.6335711358392
"Blue Tit","Adult Female",63,11.9,-3.76944830573088,56.6818801454181
"Blue Tit","Adult Female",64,12.9,-4.00110857796045,55.9397486062768
"Blue Tit","Adult Female",64,12.7,-3.99089392946344,55.9592098296638
"Blue Tit","Adult Female",64,12.6,-3.8856210944724,56.3116924754504
"Blue Tit","Adult Female",63,11.8,-3.97056832042278,56.7209784366569
"Blue Tit","Adult Female",65,13,-4.08397008849153,56.0190857830856
"Blue Tit","Adult Female",62,11.2,-4.35116281071852,56.708303950208
"Blue Tit","Adult Female",63,11.8,-4.71073048320149,56.4052413195104
"Blue Tit","Adult Female",63,11.9,-3.76557135170866,55.8768944562269
"Blue Tit","Adult Female",63,12,-3.52624073885019,56.3564022865856
"Blue Tit","Adult Female",62,11.2,-3.64301356398587,56.5665903120829
"Blue Tit","Adult Female",63,11.8,-3.17715947222308,56.2133746854167
"Blue Tit","Adult Female",64,12.7,-4.42282582358169,56.1682179206418
"Blue Tit","Adult Female",63,12.2,-4.14283878311389,55.8701900378628
"Blue Tit","Adult Female",62,11.5,-3.917789886752,56.7895363185614
"Blue Tit","Adult Female",63,11.8,-4.11522761128726,56.0524651157096
"Blue Tit","Adult Female",64,12.8,-3.65839671323879,55.8709776607626
"Blue Tit","Adult Female",64,12.7,-4.36440727161568,56.6684655656107
"Blue Tit","Adult Female",63,12,-3.44253853876686,56.4635852770489
"Blue Tit","Adult Female",62,11.1,-4.09347986055828,56.3696367089132
"Blue Tit","Adult Female",63,11.8,-4.0138438696215,56.6654559526919
"Blue Tit","Adult Female",62,11.4,-3.79297422575911,56.074140356245
"Blue Tit","Adult Female",65,13.5,-4.24218597793362,56.3967455866706
"Blue Tit","Adult Female",63,11.8,-3.16649654920208,56.2280737302177
"Blue Tit","Adult Female",63,12.2,-4.59656180918634,56.1207391426732
"Blue Tit","Adult Female",64,12.5,-3.35193371355894,55.9987398765979
"Blue Tit","Adult Female",63,12,-4.0683452026044,56.0739105537706
"Blue Tit","Adult Female",64,12.6,-4.23956028129074,56.6747987601912
"Blue Tit","Adult Female",62,11.4,-3.9687699497824,56.2333618829751
"Blue Tit","Adult Female",63,12.2,-3.60791497655215,56.2251221023675
"Blue Tit","Adult Female",63,11.8,-3.93953612559474,55.8389366406715
"Blue Tit","Adult Female",62,11.3,-3.75108617852104,56.7158029314083
"Blue Tit","Adult Female",62,11.4,-2.93370771665738,56.4161586117906
"Blue Tit","Adult Female",63,12.2,-3.6170787431621,56.4348791853147
"Blue Tit","Adult Female",63,12.2,-3.67408628498808,56.6940609750098
"Blue Tit","Adult Female",63,12.1,-4.27677346345783,56.2394514648341
"Blue Tit","Adult Female",64,12.6,-4.59689106243541,56.6233841289422
"Blue Tit","Adult Female",62,11.5,-3.75179790798859,56.7637564748582
"Blue Tit","Adult Female",62,11.3,-4.50777462138557,56.1598625015692
"Blue Tit","Adult Female",63,12,-3.18959890477174,56.3368658342928
"Blue Tit","Adult Female",62,11.1,-3.73892206884177,56.6979611301541
"Blue Tit","Adult Female",62,11.3,-3.08288443263694,56.1471551556648
"Blue Tit","Adult Female",62,11.5,-2.84545087517221,56.2956753916941
"Blue Tit","Adult Female",63,11.9,-4.22163543935176,56.0322858038287
"Blue Tit","Adult Female",63,12.1,-4.27634480788116,56.6707513973871
"Blue Tit","Adult Female",62,11.5,-4.56243793404864,56.6712614769351
"Blue Tit","Adult Female",63,11.9,-3.86850806175524,55.9781696680583
"Blue Tit","Adult Female",61,10.9,-4.62908212594276,56.3710802851123
"Blue Tit","Adult Female",62,11.2,-4.60442451358095,56.1301677056876
"Blue Tit","Adult Female",62,11.1,-3.71379042754561,56.4161632807734
"Blue Tit","Adult Female",63,12.1,-3.64787586534391,56.5641979201131
"Blue Tit","Adult Female",63,11.9,-3.92069023544416,56.3539419897961
"Blue Tit","Adult Female",60,10,-3.62527410064409,56.5566619772429
"Blue Tit","Adult Female",63,11.8,-4.63429411261248,56.0990405596752
"Blue Tit","Adult Female",62,11.1,-4.05295828405393,55.8544230170813
"Blue Tit","Adult Female",63,12,-4.43175905015495,55.9957181256273
"Blue Tit","Adult Female",63,12.1,-4.35089992190648,56.4767648048205
"Blue Tit","Adult Female",64,12.8,-3.31875965007798,56.5461350888355
"Blue Tit","Adult Female",63,12.1,-3.78258941052737,56.6864512981879
"Blue Tit","Adult Female",62,11.2,-4.32828479467329,56.4567847139325
"Blue Tit","Adult Female",63,12.2,-4.30608793546895,56.0921068113428
"Blue Tit","Adult Female",64,12.6,-3.46137142669578,56.1345447823693
"Blue Tit","Adult Female",64,12.5,-4.72789113957289,56.2261925874729
"Blue Tit","Adult Female",63,12.1,-4.40326541396173,56.1942356547693
"Blue Tit","Adult Female",63,11.8,-3.94247199167089,56.2272566919962
"Blue Tit","Juvenile",65,11.5,-4.03058617309513,56.1207062227623
"Blue Tit","Juvenile",63,11,-3.88730285421651,56.2315599942998
"Blue Tit","Juvenile",63,10.7,-4.02389244897663,56.2343839498867
"Blue Tit","Juvenile",65,11.6,-3.61940665360936,56.5710448801103
"Blue Tit","Juvenile",63,11.1,-4.27367816834253,56.4719701251285
"Blue Tit","Juvenile",62,10.7,-2.85704166996667,56.2620262809594
"Blue Tit","Juvenile",62,10.6,-4.04359923256159,56.0232743164167
"Blue Tit","Juvenile",64,11.3,-2.94403580591743,56.3148917810611
"Blue Tit","Juvenile",65,11.4,-3.96352095569493,56.7355556061618
"Blue Tit","Juvenile",63,10.8,-3.62216956650632,55.8803031234401
"Blue Tit","Juvenile",66,11.6,-3.76177574224806,56.5533813512591
"Blue Tit","Juvenile",65,11.3,-4.70648136834462,56.2254694590999
"Blue Tit","Juvenile",64,11.2,-4.05618586997745,55.9416201841317
"Blue Tit","Juvenile",64,11.3,-4.52094713377645,56.6454419048158
"Blue Tit","Juvenile",62,10.4,-3.88178669382239,56.7259841651568
"Blue Tit","Juvenile",64,11,-3.44974209481043,55.821295868519
"Blue Tit","Juvenile",63,10.9,-3.66020671905075,56.2834123143405
"Blue Tit","Juvenile",64,10.9,-4.52725803203691,56.0790415879251
"Blue Tit","Juvenile",63,11.1,-3.99313411188587,56.6066601546208
"Blue Tit","Juvenile",64,11.3,-4.55050724435877,56.6327193052506
"Blue Tit","Juvenile",63,11.1,-3.76113552220454,56.5417263059425
"Blue Tit","Juvenile",64,11.3,-3.41275098865808,56.3927245465777
"Blue Tit","Juvenile",63,10.7,-3.59109171474665,56.5127580361655
"Blue Tit","Juvenile",64,11,-4.50265027380621,56.1325532391198
"Blue Tit","Juvenile",64,11,-4.57891319724849,56.1220208382402
"Blue Tit","Juvenile",64,11.3,-4.15222612796907,56.0108898940738
"Blue Tit","Juvenile",64,11,-3.60725156188683,56.5648620913202
"Blue Tit","Juvenile",63,11.1,-4.36258141361298,56.5886123310866
"Blue Tit","Juvenile",65,11.6,-3.11699414686369,56.2287227763124
"Blue Tit","Juvenile",63,10.7,-3.56188742697184,56.2453744864741
"Blue Tit","Juvenile",62,10.7,-4.48610276734579,56.0644234030164
"Blue Tit","Juvenile",64,11.1,-3.58742153035205,56.4472443934539
"Blue Tit","Juvenile",64,11.2,-3.71488309085356,56.6803364250936
"Blue Tit","Juvenile",63,10.8,-3.74332846153966,55.785563352471
"Blue Tit","Juvenile",66,11.7,-3.71561534792475,56.6758875546203
"Blue Tit","Juvenile",65,11.2,-3.52758269822354,56.708292184144
"Blue Tit","Juvenile",63,10.7,-3.71970043506731,56.3399676364015
"Blue Tit","Juvenile",63,11.1,-3.36648876739902,55.9820397305639
"Blue Tit","Juvenile",65,11.5,-4.43493588752054,56.0622843127501
"Blue Tit","Juvenile",63,10.9,-4.43363356396011,56.1616943309294
"Blue Tit","Juvenile",64,11,-3.77030494657231,55.9151468679434
"Blue Tit","Juvenile",64,11.3,-3.51141806844087,55.8259608651088
"Blue Tit","Juvenile",65,11.6,-3.40804182790883,55.8911757337272
"Blue Tit","Juvenile",63,10.8,-3.51311499786708,55.9883290604168
"Blue Tit","Juvenile",65,11.2,-3.39125000063218,56.0450924954996
"Blue Tit","Juvenile",63,11.1,-3.41757536631907,56.6935439887034
"Blue Tit","Juvenile",63,11,-4.11264775706793,56.0092836087652
"Blue Tit","Juvenile",62,10.4,-4.39311619278639,55.9849139751344
"Blue Tit","Juvenile",64,11.1,-4.16201126203639,56.0244114397906
"Blue Tit","Juvenile",62,10.6,-3.95699021392939,56.6362325944046
"Blue Tit","Juvenile",63,10.9,-4.26839791251321,56.3452802405156
"Blue Tit","Juvenile",63,10.7,-3.97228926419264,56.7390064801425
"Blue Tit","Juvenile",63,10.9,-4.66616332628545,56.410967748192
"Blue Tit","Juvenile",63,10.8,-3.52683502499468,56.2885134379201
"Blue Tit","Juvenile",64,10.9,-4.33771815473902,56.3267434058818
"Blue Tit","Juvenile",64,11.3,-4.15459150321144,56.016219493039
"Blue Tit","Juvenile",63,10.9,-3.25469388233668,56.3318889940259
"Blue Tit","Juvenile",66,11.7,-3.90094799291787,56.2005283408409
"Blue Tit","Juvenile",62,10.4,-4.14425707419312,56.397051624552
"Blue Tit","Juvenile",64,11,-3.30862727004485,56.6389899682064
"Blue Tit","Juvenile",64,11.3,-3.44059925118144,56.5154066588109
"Blue Tit","Juvenile",64,11,-3.96495291371756,56.1779865830318
"Blue Tit","Juvenile",64,11,-3.48652332777574,55.8823218786566
"Blue Tit","Juvenile",65,11.3,-4.06223891972426,56.7279594076065
"Blue Tit","Juvenile",64,10.9,-4.03856255456441,56.1535820258185
"Blue Tit","Juvenile",63,10.9,-3.7283425805969,56.6860102736707
"Blue Tit","Juvenile",65,11.6,-4.5513908242179,56.2082388330102
"Blue Tit","Juvenile",63,11,-3.59268926827151,55.9450056834762
"Blue Tit","Juvenile",63,11,-4.34245227406204,55.9777815884197
"Blue Tit","Juvenile",66,11.6,-4.11672368192578,56.1135558989343
"Blue Tit","Juvenile",63,10.9,-4.09677296781992,55.9398093159728
"Blue Tit","Juvenile",64,11.2,-3.51671220618094,56.77316857948
"Blue Tit","Juvenile",62,10.7,-3.71708879617137,56.4191533626012
"Blue Tit","Juvenile",64,11,-4.51466943196403,56.1596861192446
"Blue Tit","Juvenile",65,11.4,-4.36593297268351,56.7179311675586
"Blue Tit","Juvenile",63,10.9,-4.25168017884261,56.1709268268349
"Blue Tit","Juvenile",63,11.1,-3.1986114964791,56.5073441621354
"Blue Tit","Juvenile",63,11.1,-3.48853136984895,56.3231912810781
"Blue Tit","Juvenile",65,11.2,-4.06988973338951,56.7437365147163
"Blue Tit","Juvenile",62,10.8,-3.6375019677095,55.8039693493384
"Blue Tit","Juvenile",63,10.8,-3.61684430169661,56.1580715366885
"Blue Tit","Juvenile",64,11.1,-3.75008001645025,56.7193828583953
"Blue Tit","Juvenile",63,10.9,-4.68663642884923,56.3483609048224
"Blue Tit","Juvenile",63,10.9,-3.81542845068989,55.924008723673
"Blue Tit","Juvenile",65,11.2,-3.23193642791163,56.3254634056056
"Blue Tit","Juvenile",63,10.9,-3.33360578038796,56.3940626472269
"Blue Tit","Juvenile",63,11,-4.01750190200811,56.719518542864
"Blue Tit","Juvenile",66,11.6,-3.43487519296222,55.8762059022342
"Blue Tit","Juvenile",65,11.4,-3.64231778682389,55.8210088801983
"Blue Tit","Juvenile",62,10.8,-3.67193290008169,56.1795719089757
"Blue Tit","Juvenile",64,11.1,-3.79036185048563,55.9152832454161
"Blue Tit","Juvenile",64,10.9,-4.37595826594138,56.6715085362465
"Blue Tit","Juvenile",64,11,-4.71906189723187,56.4046784867346
"Blue Tit","Juvenile",64,11.2,-4.42764660727311,56.7010783696055
"Blue Tit","Juvenile",61,10.3,-3.52770289749922,56.5535590601718
"Blue Tit","Juvenile",64,11.2,-3.55471140352012,56.3693250430866
"Blue Tit","Juvenile",61,10.4,-3.69777588664842,56.4074337531544
"Blue Tit","Juvenile",62,10.5,-3.52222604309813,56.7617080391984
"Blue Tit","Juvenile",64,11,-4.5273353450713,56.179500613391
"Blue Tit","Juvenile",64,11,-3.80237604711561,56.7236397464437
"Great Tit","Adult Male",78,21.3,-3.83185318182375,56.5789634021064
"Great Tit","Adult Male",77,20.6,-4.1672619062397,56.0440472011583
"Great Tit","Adult Male",76,19.8,-3.97363278322275,56.7276221189542
"Great Tit","Adult Male",76,19.8,-4.325788560722,56.6480151457501
"Great Tit","Adult Male",77,20,-3.73487266577183,56.6499373575921
"Great Tit","Adult Male",76,19.9,-3.49950018836597,56.3089416117754
"Great Tit","Adult Male",77,20.7,-4.10712120201124,56.5235490546106
"Great Tit","Adult Male",77,19.9,-3.93772197746858,55.8645815552532
"Great Tit","Adult Male",75,19.1,-4.69031353285492,56.2803614293555
"Great Tit","Adult Male",75,19.3,-3.43324423107115,56.3413030059588
"Great Tit","Adult Male",78,21,-4.14890822577311,56.1200189474928
"Great Tit","Adult Male",75,19.2,-4.3155867675777,56.3343734282006
"Great Tit","Adult Male",77,20,-3.95451120633369,55.9551474095213
"Great Tit","Adult Male",77,20.2,-4.29863737482049,56.3715580506574
"Great Tit","Adult Male",77,20.6,-3.54716116306847,55.9300286153104
"Great Tit","Adult Male",75,19.3,-3.70947761323706,55.9498913180728
"Great Tit","Adult Male",76,19.8,-3.91995894140639,56.7065895020867
"Great Tit","Adult Male",76,19.9,-4.03520315299693,56.0124076578233
"Great Tit","Adult Male",76,19.6,-3.37756387431373,56.3058617095064
"Great Tit","Adult Male",77,20.1,-2.81869205449566,56.4228847074721
"Great Tit","Adult Male",76,19.5,-4.44421466471424,56.6816546985744
"Great Tit","Adult Male",76,20,-3.92459522568153,56.7016823522841
"Great Tit","Adult Male",76,20,-3.81930343341574,56.728624108079
"Great Tit","Adult Male",77,20.3,-4.12723384345298,55.9041897028356
"Great Tit","Adult Male",76,20.1,-2.98701905541594,56.3985905163623
"Great Tit","Adult Male",75,19.1,-4.0450407741643,56.7446662442472
"Great Tit","Adult Male",75,19.3,-3.67133456360667,56.6891375981881
"Great Tit","Adult Male",77,20.6,-4.13963542599317,56.023922114727
"Great Tit","Adult Male",76,19.7,-3.9879161965893,56.6204299178382
"Great Tit","Adult Male",77,20.2,-3.10352918078889,56.2825287043114
"Great Tit","Adult Male",75,19.4,-3.92614694034021,56.6995626541287
"Great Tit","Adult Male",76,20,-3.93155104887384,56.7846208181285
"Great Tit","Adult Male",76,20.1,-4.51096145905281,56.3279833960417
"Great Tit","Adult Male",76,19.9,-3.96892262793187,55.9463665937036
"Great Tit","Adult Male",76,19.7,-4.36386048309256,56.6447585204977
"Great Tit","Adult Male",76,19.8,-4.0757722169587,55.9515493045394
"Great Tit","Adult Male",76,20,-3.58883094475332,56.6241695725151
"Great Tit","Adult Male",77,20.3,-4.2039578723785,56.0361490076616
"Great Tit","Adult Male",77,19.9,-3.95874311872024,56.173419469716
"Great Tit","Adult Male",76,19.9,-4.50027481237688,56.3164879864038
"Great Tit","Adult Male",76,20,-3.99344850342026,56.010606528845
"Great Tit","Adult Male",75,19.2,-3.23559087242703,56.4472241800348
"Great Tit","Adult Male",78,20.8,-3.25991408502819,55.9444598533031
"Great Tit","Adult Male",76,19.7,-3.9140959416041,56.297939037396
"Great Tit","Adult Male",76,19.7,-3.41825589096284,56.1647761060629
"Great Tit","Adult Male",77,20.1,-3.51183845412686,56.5236395884968
"Great Tit","Adult Male",77,20.7,-4.60427222826779,56.2844392042235
"Great Tit","Adult Male",76,20,-3.54724256302358,56.1459485425303
"Great Tit","Adult Male",77,20.4,-3.69250290159437,56.6913774718714
"Great Tit","Adult Male",76,19.8,-3.55428681707727,56.3697364716261
"Great Tit","Adult Male",77,20.2,-4.29906439501904,56.274780656912
"Great Tit","Adult Male",78,20.9,-3.27371216664969,55.9561961169473
"Great Tit","Adult Male",76,19.7,-4.35476749105369,56.2016758141269
"Great Tit","Adult Male",78,21.3,-4.3763360560748,56.4247527967352
"Great Tit","Adult Male",75,19,-3.19559397787391,55.9690596904379
"Great Tit","Adult Male",76,19.6,-3.86270992009391,56.6342742016297
"Great Tit","Adult Male",75,19.5,-3.74033182424327,55.8410306565605
"Great Tit","Adult Male",76,19.8,-3.72945894164172,56.5539154626003
"Great Tit","Adult Male",77,20.2,-3.41318436233621,56.3588496837325
"Great Tit","Adult Male",77,20.3,-3.6199168555019,56.0577730910578
"Great Tit","Adult Male",78,20.8,-3.39881054477912,56.3646188754693
"Great Tit","Adult Male",77,20.5,-3.82083460827404,56.1191464006248
"Great Tit","Adult Male",78,20.8,-3.49370235568845,56.6647513928351
"Great Tit","Adult Male",77,20.1,-3.9474612076205,55.7597391456656
"Great Tit","Adult Male",75,19.2,-3.83375866973123,56.2877356862147
"Great Tit","Adult Male",77,20.4,-4.50263025846519,56.0702828671042
"Great Tit","Adult Male",76,20,-4.46456684331334,56.6846416175785
"Great Tit","Adult Male",76,20,-4.15420342767782,56.6064895727536
"Great Tit","Adult Male",76,19.5,-3.50036700788621,56.277297470046
"Great Tit","Adult Male",77,20.1,-3.98339876944142,56.6701610182928
"Great Tit","Adult Male",77,20.5,-4.1882542733741,56.6151237070434
"Great Tit","Adult Male",77,20.5,-3.5863091769492,56.7599844682653
"Great Tit","Adult Male",75,19.3,-4.31857269462116,56.6638741414547
"Great Tit","Adult Male",77,20.2,-3.59566295843808,56.2358169852321
"Great Tit","Adult Male",77,20.4,-2.92025093001418,56.3426135892351
"Great Tit","Adult Male",76,19.7,-3.93348337263501,56.7797872566476
"Great Tit","Adult Male",77,20.4,-3.70465154734545,56.0701205565579
"Great Tit","Adult Male",77,20.2,-3.92932064670375,56.0787868217114
"Great Tit","Adult Male",76,19.9,-3.54885634480501,56.2798138026409
"Great Tit","Adult Male",75,18.8,-4.52027703987724,56.4107442448888
"Great Tit","Adult Male",76,19.9,-3.63135570293424,56.2755005331066
"Great Tit","Adult Male",77,20.5,-4.32877815948919,56.6437216056676
"Great Tit","Adult Male",76,19.3,-3.67102825748742,56.3050372027314
"Great Tit","Adult Male",77,20.4,-3.50437860821001,55.8149274281062
"Great Tit","Adult Male",77,20.7,-3.615815950726,55.8882699966362
"Great Tit","Adult Male",75,18.8,-3.75238754616281,56.6861610958885
"Great Tit","Adult Male",75,18.7,-3.85500569745914,55.8692441019683
"Great Tit","Adult Male",75,19.2,-3.6510886840774,56.1508121122274
"Great Tit","Adult Male",76,19.9,-3.72723369055698,56.6715786521313
"Great Tit","Adult Male",77,20,-3.99624634775,55.7698136775456
"Great Tit","Adult Male",77,20.5,-3.8982657415657,56.1715670823924
"Great Tit","Adult Male",77,20.3,-4.29067743606693,56.593669318394
"Great Tit","Adult Male",77,20.6,-3.70916980996929,55.8743183424567
"Great Tit","Adult Male",77,20.7,-3.20857080034935,56.5117647697973
"Great Tit","Adult Male",77,19.9,-3.61380119791068,56.6146529655019
"Great Tit","Adult Male",78,21,-3.81813448718883,56.7568929908961
"Great Tit","Adult Male",77,19.9,-3.84578750192819,56.3490235172604
"Great Tit","Adult Male",76,20,-3.87727939148444,56.7620375937011
"Great Tit","Adult Male",77,19.9,-3.81088874113393,56.6228620494829
"Great Tit","Adult Male",76,19.5,-3.27371886824426,55.9580879138953
"Great Tit","Adult Female",76,20.5,-3.52865369404184,56.7615610729157
"Great Tit","Adult Female",76,20.6,-3.63309308382965,56.5775845887194
"Great Tit","Adult Female",74,19.1,-4.30624350271869,56.5819168715564
"Great Tit","Adult Female",74,19.3,-3.87667258387271,56.3437699813135
"Great Tit","Adult Female",74,19.2,-3.29633836139835,56.6332411283496
"Great Tit","Adult Female",73,18.4,-4.32548921182044,56.1355886316325
"Great Tit","Adult Female",73,18.7,-3.3440213146071,56.1490052296008
"Great Tit","Adult Female",73,18.3,-4.43508062763202,56.1658267802826
"Great Tit","Adult Female",73,18,-3.82800763387133,56.3368118765707
"Great Tit","Adult Female",74,18.7,-3.84592543423191,55.7894902783287
"Great Tit","Adult Female",72,17.8,-4.46377461289127,56.0249086545026
"Great Tit","Adult Female",75,19.9,-3.84590578530097,56.0209575591807
"Great Tit","Adult Female",73,18.4,-3.82877277383298,56.5710205725778
"Great Tit","Adult Female",74,18.9,-4.56159931844857,56.6131263005118
"Great Tit","Adult Female",74,19.3,-3.68229265459205,56.0799862676589
"Great Tit","Adult Female",74,19,-3.98192746375359,56.0664148556098
"Great Tit","Adult Female",75,19.9,-2.9479667340243,56.396310837268
"Great Tit","Adult Female",75,19.9,-3.96830273221318,56.3977131283399
"Great Tit","Adult Female",75,19.7,-4.15365042949488,55.9499081954978
"Great Tit","Adult Female",71,17.2,-3.63511144941783,55.8226730443847
"Great Tit","Adult Female",73,18.6,-3.74697111486699,56.5864045533846
"Great Tit","Adult Female",74,19,-4.71295250164477,56.3460773102661
"Great Tit","Adult Female",75,20,-3.80523605055175,55.7657745289043
"Great Tit","Adult Female",75,19.8,-3.9209854130643,56.3347342835655
"Great Tit","Adult Female",73,18.1,-3.74379101284352,55.7881724056541
"Great Tit","Adult Female",75,19.7,-4.42012677326767,56.2294993162395
"Great Tit","Adult Female",74,18.7,-3.67954351485169,56.660354832187
"Great Tit","Adult Female",74,19,-3.48861752957768,55.9883126436616
"Great Tit","Adult Female",75,19.6,-2.95198776241986,56.412090052724
"Great Tit","Adult Female",73,18.7,-3.94632360952893,56.7325864623948
"Great Tit","Adult Female",75,19.4,-3.92262833842224,56.737783467646
"Great Tit","Adult Female",74,18.8,-4.31977660480547,56.6486023444129
"Great Tit","Adult Female",75,19.9,-3.67115650914544,56.5339277658268
"Great Tit","Adult Female",74,19.2,-4.28310034502387,56.0467364467005
"Great Tit","Adult Female",74,19.2,-4.35090722215718,55.9792138507145
"Great Tit","Adult Female",72,17.8,-4.49540562748973,56.1479853811103
"Great Tit","Adult Female",75,19.7,-4.29093095423346,56.6767176386559
"Great Tit","Adult Female",74,19.3,-3.51609265146248,56.7319089188681
"Great Tit","Adult Female",75,20,-4.30975562918978,56.645419584835
"Great Tit","Adult Female",74,19,-4.2814497270871,56.3677966462956
"Great Tit","Adult Female",75,19.7,-4.2447138786598,56.1766748795026
"Great Tit","Adult Female",72,17.8,-4.29095058131193,56.1363744674093
"Great Tit","Adult Female",75,19.6,-3.9059657654764,56.6056331778615
"Great Tit","Adult Female",73,18.2,-3.32256445841347,56.5174264483918
"Great Tit","Adult Female",75,19.9,-4.53494408002039,56.1846654482843
"Great Tit","Adult Female",73,18.4,-3.81979352849178,56.1441247560455
"Great Tit","Adult Female",74,19.4,-4.43565677724,56.190099466713
"Great Tit","Adult Female",74,18.8,-2.82190102871843,56.2718363073541
"Great Tit","Adult Female",75,19.8,-3.53032460327063,56.2423508098265
"Great Tit","Adult Female",75,19.5,-4.07281873372344,56.006944206846
"Great Tit","Adult Female",73,18.1,-3.48469560875542,56.5246752046775
"Great Tit","Adult Female",75,19.9,-4.47598595948682,56.188557941657
"Great Tit","Adult Female",74,19.2,-4.06118289640759,56.7258821229212
"Great Tit","Adult Female",75,20,-3.97836315459248,56.7190290983603
"Great Tit","Adult Female",75,19.5,-3.87534459991837,56.3907094148532
"Great Tit","Adult Female",75,19.6,-3.58288286717383,55.8952541016246
"Great Tit","Adult Female",73,18.3,-4.31303773347698,56.1366865045022
"Great Tit","Adult Female",73,18.4,-4.36319512101613,56.6529520283539
"Great Tit","Adult Female",75,19.7,-4.10527416083069,56.198475723241
"Great Tit","Adult Female",76,20.1,-3.65460367982907,56.35518904082
"Great Tit","Adult Female",74,19.4,-4.017319479085,56.5835536094766
"Great Tit","Adult Female",75,19.9,-4.25544268383883,56.2077503805766
"Great Tit","Adult Female",72,17.6,-3.75796264166122,56.3178792986948
"Great Tit","Adult Female",75,19.8,-3.38592432265827,56.5272903568323
"Great Tit","Adult Female",75,19.8,-4.33844830279244,56.1279700493158
"Great Tit","Adult Female",75,19.8,-4.07302436194049,56.5401314960042
"Great Tit","Adult Female",74,19.1,-4.06757200568664,56.2331647397599
"Great Tit","Adult Female",74,19.4,-3.89133598939052,56.307208176576
"Great Tit","Adult Female",73,18.5,-3.01206229227697,56.4101775734036
"Great Tit","Adult Female",74,18.8,-4.36868781591943,56.699328337389
"Great Tit","Adult Female",72,17.6,-3.8641779880583,56.7814580165863
"Great Tit","Adult Female",73,18.4,-3.92216731374234,56.2054348861727
"Great Tit","Adult Female",75,19.4,-4.1367831751031,56.4023267745957
"Great Tit","Adult Female",73,18.2,-3.36951498227222,56.7302059118006
"Great Tit","Adult Female",76,20.2,-4.37470491224918,55.826218905808
"Great Tit","Adult Female",74,18.6,-3.87414279621086,56.7211646862163
"Great Tit","Adult Female",74,19.3,-3.92831120472916,56.1476611288932
"Great Tit","Adult Female",74,18.9,-3.92183397662173,56.2522262497441
"Great Tit","Adult Female",74,19.2,-4.42305271069795,56.1908800661912
"Great Tit","Adult Female",73,18.4,-3.75452835725766,55.7949756381667
"Great Tit","Adult Female",73,18.4,-4.38884172499484,56.1198304458089
"Great Tit","Adult Female",74,18.7,-3.96453068429265,56.2098978206875
"Great Tit","Adult Female",74,19.1,-3.17198369205255,56.6466449582348
"Great Tit","Adult Female",74,18.8,-4.32201351240606,56.1429262016742
"Great Tit","Adult Female",75,19.6,-4.27042408045078,55.9665369111509
"Great Tit","Adult Female",72,17.7,-4.02382538729323,56.19726009909
"Great Tit","Adult Female",76,20.1,-4.34493030134562,56.6658000367647
"Great Tit","Adult Female",74,19.1,-4.45332729856929,56.1691122796056
"Great Tit","Adult Female",73,18.5,-3.50200616140561,56.4525844234652
"Great Tit","Adult Female",74,18.7,-4.4447697993576,56.2141649234457
"Great Tit","Adult Female",74,19.4,-4.28346419582027,56.4610255621293
"Great Tit","Adult Female",75,19.9,-4.02019683592599,56.7148154706248
"Great Tit","Adult Female",75,19.5,-4.05764301119696,56.5849464562808
"Great Tit","Adult Female",76,20.5,-4.0911850342475,56.5535592308053
"Great Tit","Adult Female",75,19.9,-4.04664273070844,55.8889250133373
"Great Tit","Adult Female",73,18.1,-3.88326356172699,56.3884252221322
"Great Tit","Adult Female",75,19.5,-4.32355000148098,56.645800516073
"Great Tit","Adult Female",74,19,-3.67752028734228,56.000655984242
"Great Tit","Adult Female",73,18.1,-4.15400819310695,56.2254993073608
"Great Tit","Adult Female",75,19.6,-4.0469517617803,56.2056204777887
"Great Tit","Juvenile",73,18,-3.59610207779211,55.816814540639
"Great Tit","Juvenile",75,19.8,-3.70221531571227,56.2786320992852
"Great Tit","Juvenile",76,20.4,-3.51052493447711,56.3331579113293
"Great Tit","Juvenile",76,20.1,-3.30422958784449,55.9664525209125
"Great Tit","Juvenile",76,19.8,-4.48322429653685,56.0495034217424
"Great Tit","Juvenile",76,20.5,-3.51524684487407,56.7732106567965
"Great Tit","Juvenile",75,19.3,-3.42989600780609,56.1143706659767
"Great Tit","Juvenile",76,20,-4.55916086599426,56.2412738691226
"Great Tit","Juvenile",76,20,-3.79303682394777,56.6745120666591
"Great Tit","Juvenile",74,19.2,-3.81029360782494,56.0798654130881
"Great Tit","Juvenile",76,20.1,-3.61316562431283,56.2041693725892
"Great Tit","Juvenile",73,18.5,-4.38736453184412,56.2195743775357
"Great Tit","Juvenile",74,18.7,-3.75051409144031,56.5809660464714
"Great Tit","Juvenile",76,20,-3.97874299784201,56.0984723246526
"Great Tit","Juvenile",75,19.7,-3.43252318635159,56.5744881977044
"Great Tit","Juvenile",75,19.5,-4.01176712388021,56.3719620439168
"Great Tit","Juvenile",77,21,-3.77073532900257,56.6295573859892
"Great Tit","Juvenile",77,20.5,-4.46964432953405,56.7360515854257
"Great Tit","Juvenile",76,19.8,-4.61516012453494,56.3753659420569
"Great Tit","Juvenile",75,19.3,-3.52353910333775,56.5667719466688
"Great Tit","Juvenile",76,20.5,-3.18447204415794,56.1162405072826
"Great Tit","Juvenile",76,20.2,-4.28248170607649,56.2676263206713
"Great Tit","Juvenile",77,21.2,-4.54764746503753,56.666263088588
"Great Tit","Juvenile",77,20.7,-3.27343476576254,55.9502137255124
"Great Tit","Juvenile",76,20.4,-3.93814052805501,56.3866993338134
"Great Tit","Juvenile",75,19.4,-4.57929776927161,56.6019879281451
"Great Tit","Juvenile",73,17.9,-4.42817842431099,56.1778725781102
"Great Tit","Juvenile",76,20.1,-2.83839181581372,56.4017728807115
"Great Tit","Juvenile",75,19.9,-4.27620822433242,56.3776614299057
"Great Tit","Juvenile",77,21,-3.61827819544183,55.9177419137294
"Great Tit","Juvenile",75,19.4,-3.86751703226815,56.5771786331467
"Great Tit","Juvenile",75,19.5,-3.31106961681319,56.2102473792708
"Great Tit","Juvenile",74,18.6,-3.88107319633729,56.7106279937728
"Great Tit","Juvenile",77,20.8,-4.08024105386155,56.5533804003206
"Great Tit","Juvenile",75,19.7,-4.66405496408077,56.414890601115
"Great Tit","Juvenile",75,19.3,-3.66265579333171,56.6626339731715
"Great Tit","Juvenile",79,22,-4.41182822129166,56.1306927384459
"Great Tit","Juvenile",75,19.3,-4.47378230321954,56.1454211054292
"Great Tit","Juvenile",74,18.8,-4.37540408721667,56.2225177738023
"Great Tit","Juvenile",75,19.6,-3.64818513730117,56.5578046343775
"Great Tit","Juvenile",75,19.2,-3.90433239676408,56.2949722451998
"Great Tit","Juvenile",75,19.6,-4.4852496584739,56.091961155791
"Great Tit","Juvenile",73,18,-3.34217244188435,56.1650203328335
"Great Tit","Juvenile",74,18.7,-3.63150946151066,56.6762976598955
"Great Tit","Juvenile",74,18.8,-3.9831495460482,56.7189334983236
"Great Tit","Juvenile",75,19.4,-3.61082587338238,56.329324006276
"Great Tit","Juvenile",76,19.8,-3.60733919487883,56.4265669232601
"Great Tit","Juvenile",73,18.4,-4.09786839622805,55.897518332025
"Great Tit","Juvenile",75,19.9,-3.8789347737686,56.7661944908615
"Great Tit","Juvenile",77,21.1,-3.58433821445773,56.4391839369728
"Great Tit","Juvenile",75,19.3,-3.59541811265428,56.0650935655176
"Great Tit","Juvenile",75,19.4,-3.36741823491124,56.5333469494889
"Great Tit","Juvenile",76,20,-3.97285926410806,56.1003805258241
"Great Tit","Juvenile",78,21.3,-3.63687287718149,56.7106142238755
"Great Tit","Juvenile",74,18.6,-4.36586899219886,56.344724477831
"Great Tit","Juvenile",76,20.3,-4.72313336062777,56.4251396179595
"Great Tit","Juvenile",76,19.9,-4.29699429497064,56.1574752801349
"Great Tit","Juvenile",74,18.6,-3.71829287609349,56.7216171996885
"Great Tit","Juvenile",73,18.3,-4.09665018283762,56.0107116231796
"Great Tit","Juvenile",74,18.8,-3.33009047717707,56.5641804474851
"Great Tit","Juvenile",74,18.7,-3.07334064795768,56.2333075081888
"Great Tit","Juvenile",76,19.7,-2.81994913225588,56.4091729984958
"Great Tit","Juvenile",76,20.3,-4.29353037200663,56.6482929209828
"Great Tit","Juvenile",76,19.9,-3.40400953634194,56.1407987248094
"Great Tit","Juvenile",75,19.2,-4.58544674121258,56.1688861956662
"Great Tit","Juvenile",74,19.1,-4.46826243705249,56.0391319076367
"Great Tit","Juvenile",74,19.2,-3.54315619065067,56.7435541777092
"Great Tit","Juvenile",74,19.1,-4.40785825450341,56.1083020616011
"Great Tit","Juvenile",76,20,-4.00373164569997,56.7023695995198
"Great Tit","Juvenile",76,20,-4.34145759165452,55.9817989753352
"Great Tit","Juvenile",74,19,-3.58702523015729,56.3550627899915
"Great Tit","Juvenile",74,19.1,-3.99305378930851,55.9323981177087
"Great Tit","Juvenile",73,18.2,-3.51031346250212,56.29442683856
"Great Tit","Juvenile",75,19.5,-4.10215131025466,56.7037097465187
"Great Tit","Juvenile",75,19.8,-3.62825127856704,56.5789164935697
"Great Tit","Juvenile",74,18.8,-4.49706020783894,56.1638359278559
"Great Tit","Juvenile",75,19.3,-3.4982510745618,56.3063435401607
"Great Tit","Juvenile",74,18.9,-4.45849423052089,56.0358272395565
"Great Tit","Juvenile",76,20.1,-3.76688565194909,56.5885875912424
"Great Tit","Juvenile",77,20.6,-3.53615991090719,56.4798339879653
"Great Tit","Juvenile",74,18.8,-4.28737716678418,55.9296094900668
"Great Tit","Juvenile",74,19,-4.71366424076805,56.2879626516648
"Great Tit","Juvenile",74,19.3,-4.01559800679021,55.9557018868864
"Great Tit","Juvenile",77,20.5,-3.5617786438348,55.9135807363094
"Great Tit","Juvenile",75,19.2,-4.49771455779338,56.3970261874531
"Great Tit","Juvenile",77,20.8,-4.57496471449075,56.125784844445
"Great Tit","Juvenile",77,21.1,-3.76163888122373,56.5192495193272
"Great Tit","Juvenile",74,18.7,-4.23845075956188,56.7085851394003
"Great Tit","Juvenile",75,19.5,-3.13953457573634,56.3447019909408
"Great Tit","Juvenile",75,19.4,-4.27368167490221,56.457127851052
"Great Tit","Juvenile",75,19.2,-2.85128443206992,56.4381433685611
"Great Tit","Juvenile",77,20.5,-3.58246764172073,56.5922105801345
"Great Tit","Juvenile",74,19,-3.55087744805073,56.3678904325755
"Great Tit","Juvenile",75,19.2,-3.18454580032114,56.4995341476544
"Great Tit","Juvenile",74,18.6,-4.63186531234484,56.0969991840176
"Great Tit","Juvenile",75,19.4,-3.51501091388302,56.7766608352551
"Great Tit","Juvenile",77,20.8,-4.0080397347923,56.2415799633784
"Great Tit","Juvenile",75,19.2,-2.86192828143904,56.3027348612898
"Great Tit","Juvenile",75,19.7,-3.19936469584274,56.2316011219869
"Great Tit","Juvenile",75,19.5,-4.26654005893211,56.6753973739532
"Long-tailed Tit","Adult Male",60,7.5,-4.41988994225963,55.9768304297517
"Long-tailed Tit","Adult Male",61,7.9,-3.36903881941844,56.1189310835024
"Long-tailed Tit","Adult Male",62,8.4,-2.75767043488525,56.2499253159436
"Long-tailed Tit","Adult Male",59,7.1,-4.37197122678126,56.223788156669
"Long-tailed Tit","Adult Male",62,8.6,-3.27742324007114,56.232413166644
"Long-tailed Tit","Adult Male",61,7.8,-4.36681698705111,56.2189192206384
"Long-tailed Tit","Adult Male",61,7.9,-4.7146015904166,56.4517520653997
"Long-tailed Tit","Adult Male",59,7,-4.27652898357592,56.2975150342667
"Long-tailed Tit","Adult Male",61,8.1,-3.33159755993759,56.478382912035
"Long-tailed Tit","Adult Male",61,8.2,-3.18265635822749,56.6215815749535
"Long-tailed Tit","Adult Male",60,7.4,-4.61741994877354,56.3824215891706
"Long-tailed Tit","Adult Male",62,8.5,-4.13225940362319,56.2017180722854
"Long-tailed Tit","Adult Male",60,7.6,-3.5215501887853,56.3589436452494
"Long-tailed Tit","Adult Male",61,8,-4.32522610448367,56.2042084545997
"Long-tailed Tit","Adult Male",61,8.1,-4.64358005538466,56.4056409062349
"Long-tailed Tit","Adult Male",62,8.5,-3.98764895659408,56.1020429656411
"Long-tailed Tit","Adult Male",62,8.5,-3.88193929929969,56.394275244942
"Long-tailed Tit","Adult Male",62,8.5,-4.29062460847484,56.0469344456669
"Long-tailed Tit","Adult Male",61,8.1,-3.98653766430668,56.6936031839456
"Long-tailed Tit","Adult Male",63,8.8,-3.22874011999226,56.1510655553112
"Long-tailed Tit","Adult Male",60,7.4,-4.44447292893308,56.1616720019695
"Long-tailed Tit","Adult Male",59,7.1,-4.34869774754181,55.9445867608283
"Long-tailed Tit","Adult Male",61,8.2,-3.94592312128224,56.0588413840041
"Long-tailed Tit","Adult Male",60,7.4,-4.36931662592267,56.666143798536
"Long-tailed Tit","Adult Male",63,9,-4.69106062114897,56.2861680312564
"Long-tailed Tit","Adult Male",60,7.4,-4.58663670138773,56.1220509470974
"Long-tailed Tit","Adult Male",61,8.1,-4.01210639369325,56.7007801613855
"Long-tailed Tit","Adult Male",61,7.8,-4.68685595676393,56.1784279535798
"Long-tailed Tit","Adult Male",62,8.6,-4.52888994476467,56.1820419573274
"Long-tailed Tit","Adult Male",60,7.5,-4.37061973515574,56.0791209173373
"Long-tailed Tit","Adult Male",60,7.4,-4.30157915885135,55.8673347873351
"Long-tailed Tit","Adult Male",60,7.6,-3.65434477121636,55.7998526557068
"Long-tailed Tit","Adult Male",59,7,-3.96374955187788,56.095442955924
"Long-tailed Tit","Adult Male",61,7.9,-3.96001894945999,55.9259368521222
"Long-tailed Tit","Adult Male",61,8.1,-4.03051179693151,55.9813075952239
"Long-tailed Tit","Adult Male",62,8.6,-3.70668698987928,55.8140110922572
"Long-tailed Tit","Adult Male",60,7.4,-3.42596752107788,55.8691101926312
"Long-tailed Tit","Adult Male",62,8.6,-4.15582697700664,56.2404534635763
"Long-tailed Tit","Adult Male",61,7.9,-4.06216674151291,56.757956529681
"Long-tailed Tit","Adult Male",61,8,-4.46889417833634,56.4245570281633
"Long-tailed Tit","Adult Male",61,8,-3.22961816761824,56.4899541893238
"Long-tailed Tit","Adult Male",61,8,-4.22899593731811,56.378045838244
"Long-tailed Tit","Adult Male",59,7.1,-3.6824366064899,56.6395676795976
"Long-tailed Tit","Adult Male",62,8.3,-3.97346222924186,56.687081606058
"Long-tailed Tit","Adult Male",59,7,-3.8935505510584,55.9324108281556
"Long-tailed Tit","Adult Male",62,8.6,-4.19995561627396,55.8567429765678
"Long-tailed Tit","Adult Male",60,7.4,-4.29091494551803,56.2971995919081
"Long-tailed Tit","Adult Male",62,8.4,-3.78727704455755,56.1611643218126
"Long-tailed Tit","Adult Male",61,8.1,-3.94679596852775,56.5905097969939
"Long-tailed Tit","Adult Male",61,8,-4.04224807634613,56.7252770501379
"Long-tailed Tit","Adult Male",61,7.9,-3.87254760326132,56.342299766966
"Long-tailed Tit","Adult Male",62,8.4,-3.78527712296509,56.5866461289404
"Long-tailed Tit","Adult Male",60,7.5,-3.23363194607461,55.8979334479441
"Long-tailed Tit","Adult Male",61,7.9,-3.76686105673621,56.735808968477
"Long-tailed Tit","Adult Male",61,7.9,-3.58779932099367,56.7254233421009
"Long-tailed Tit","Adult Male",60,7.6,-3.44330094716933,56.4654661887065
"Long-tailed Tit","Adult Male",60,7.6,-3.57051457204895,56.4388921615099
"Long-tailed Tit","Adult Male",61,8.1,-4.50329039221031,56.398932553938
"Long-tailed Tit","Adult Male",61,8.1,-4.10230513032292,56.7033953295202
"Long-tailed Tit","Adult Male",61,7.9,-4.53396243845751,56.6407887576811
"Long-tailed Tit","Adult Male",61,7.9,-3.51056974678523,56.502562758281
"Long-tailed Tit","Adult Male",60,7.5,-4.73866108025435,56.3429654354844
"Long-tailed Tit","Adult Male",59,6.9,-3.60293114291755,56.2444557530665
"Long-tailed Tit","Adult Male",60,7.4,-4.31402785227494,56.0530761344427
"Long-tailed Tit","Adult Male",60,7.6,-2.95507548387445,56.3682521812005
"Long-tailed Tit","Adult Male",59,7,-3.5333107010683,56.1603239260174
"Long-tailed Tit","Adult Male",61,7.9,-3.42908385605946,56.3145029491728
"Long-tailed Tit","Adult Male",61,7.9,-3.39295411189917,56.4346440621769
"Long-tailed Tit","Adult Male",61,8,-2.95021298482775,56.3271245572342
"Long-tailed Tit","Adult Male",61,8.1,-4.45454976556907,56.5459185135741
"Long-tailed Tit","Adult Male",60,7.4,-3.88472488794925,56.7871571161211
"Long-tailed Tit","Adult Male",62,8.4,-4.4705605371687,56.7346495039278
"Long-tailed Tit","Adult Male",60,7.5,-3.75148738586657,55.8827818360482
"Long-tailed Tit","Adult Male",60,7.4,-3.32281652262824,56.6320995798901
"Long-tailed Tit","Adult Male",62,8.7,-3.30370296407231,56.3209326254977
"Long-tailed Tit","Adult Male",62,8.4,-3.3213460285311,56.6453647316814
"Long-tailed Tit","Adult Male",61,8,-3.5966131669967,56.2365779034256
"Long-tailed Tit","Adult Male",61,8,-3.8097173642005,56.4121941669786
"Long-tailed Tit","Adult Male",62,8.6,-3.15814114064774,56.5802223630983
"Long-tailed Tit","Adult Male",61,8.1,-3.75358030345455,56.5830603605043
"Long-tailed Tit","Adult Male",60,7.5,-3.87943402604739,55.9283595107782
"Long-tailed Tit","Adult Male",62,8.6,-3.82104326585373,55.865291602813
"Long-tailed Tit","Adult Male",61,7.9,-4.32552832063302,56.1458585615571
"Long-tailed Tit","Adult Male",61,8.1,-4.49365514883163,56.1702728694122
"Long-tailed Tit","Adult Male",61,8,-4.46826938868001,56.0318422539096
"Long-tailed Tit","Adult Male",62,8.4,-3.33135448369594,56.30316469307
"Long-tailed Tit","Adult Male",63,9.1,-3.71027405102255,56.5857779350319
"Long-tailed Tit","Adult Male",60,7.4,-4.04743621993461,56.1979345334415
"Long-tailed Tit","Adult Male",61,8,-4.3149930872041,56.357869519396
"Long-tailed Tit","Adult Male",61,8.2,-3.97705079210743,55.8882836671328
"Long-tailed Tit","Adult Male",60,7.5,-4.35205890188094,56.201887763131
"Long-tailed Tit","Adult Male",60,7.6,-4.13402249928958,56.3976688243303
"Long-tailed Tit","Adult Male",62,8.6,-3.13046020810315,56.6082981640381
"Long-tailed Tit","Adult Male",63,9,-3.93317634284316,56.3565406186725
"Long-tailed Tit","Adult Male",62,8.4,-3.96703082882028,56.7025997136603
"Long-tailed Tit","Adult Male",61,7.9,-3.54452916427391,55.8638814766781
"Long-tailed Tit","Adult Male",61,8,-3.98477286668835,56.696738683285
"Long-tailed Tit","Adult Male",61,7.9,-3.94031738759977,56.0268513340353
"Long-tailed Tit","Adult Male",61,8.1,-3.85836776858576,56.6076931874986
"Long-tailed Tit","Adult Male",60,7.5,-4.61505927028836,56.6336247968639
"Long-tailed Tit","Adult Female",58,7.6,-3.76451865504992,56.5579764943989
"Long-tailed Tit","Adult Female",60,8.6,-4.15821238588512,56.6028753785111
"Long-tailed Tit","Adult Female",60,8.7,-3.92575699819881,56.6073149510433
"Long-tailed Tit","Adult Female",58,7.7,-3.62107276596615,56.1730235199386
"Long-tailed Tit","Adult Female",59,8.1,-3.81157533009315,56.5886172929918
"Long-tailed Tit","Adult Female",60,8.6,-3.42893464737128,56.0906494957934
"Long-tailed Tit","Adult Female",61,9.3,-4.29311174823982,56.2088635353738
"Long-tailed Tit","Adult Female",60,8.8,-4.55506747338723,56.0785932290523
"Long-tailed Tit","Adult Female",60,8.9,-4.17949037907601,56.1988160006099
"Long-tailed Tit","Adult Female",59,8.3,-4.51707823975952,56.1584706428229
"Long-tailed Tit","Adult Female",59,8.1,-3.64224275661067,56.6689578564014
"Long-tailed Tit","Adult Female",60,8.8,-3.72245132300555,55.9542025421713
"Long-tailed Tit","Adult Female",61,9.3,-3.58717204777833,56.2494310517283
"Long-tailed Tit","Adult Female",60,8.9,-4.67831221444653,56.1657320962849
"Long-tailed Tit","Adult Female",59,8.1,-3.87469539901649,56.6521659757944
"Long-tailed Tit","Adult Female",59,8.1,-3.19399130985388,56.2218849724905
"Long-tailed Tit","Adult Female",60,8.7,-3.9593589818953,56.623967100943
"Long-tailed Tit","Adult Female",59,8.2,-3.13819106585377,56.2779158882912
"Long-tailed Tit","Adult Female",59,8.2,-4.5535538013437,56.1203761243597
"Long-tailed Tit","Adult Female",61,9.5,-4.59131511164136,56.6849385355377
"Long-tailed Tit","Adult Female",59,8,-4.04954247769529,56.806567870877
"Long-tailed Tit","Adult Female",60,8.7,-4.54656909426356,56.1992586366718
"Long-tailed Tit","Adult Female",58,7.6,-3.32069169077339,56.6147388714706
"Long-tailed Tit","Adult Female",60,8.6,-3.45551893031022,56.2523686840381
"Long-tailed Tit","Adult Female",58,7.7,-3.70032132525497,56.0719083345902
"Long-tailed Tit","Adult Female",60,8.8,-4.04441562013067,55.9651014366418
"Long-tailed Tit","Adult Female",62,9.9,-4.57054525452198,56.385284835968
"Long-tailed Tit","Adult Female",61,9.4,-3.44530987147262,55.8225431307503
"Long-tailed Tit","Adult Female",60,8.7,-4.54738675435807,56.6158458028919
"Long-tailed Tit","Adult Female",59,8.2,-4.07566453864207,56.0507483181718
"Long-tailed Tit","Adult Female",61,9.6,-3.82067939574585,55.7916103575091
"Long-tailed Tit","Adult Female",61,9.4,-4.7336729244038,56.2389988235827
"Long-tailed Tit","Adult Female",60,8.7,-4.30185217704709,56.6466517911801
"Long-tailed Tit","Adult Female",57,7.1,-4.57113952033859,56.1081796508463
"Long-tailed Tit","Adult Female",61,9.6,-4.08165584193848,56.7795722301803
"Long-tailed Tit","Adult Female",62,9.9,-4.02461774933833,56.3564360361671
"Long-tailed Tit","Adult Female",60,8.7,-4.66342947209611,56.4009810036253
"Long-tailed Tit","Adult Female",59,8.3,-3.67219633927114,56.1724303166157
"Long-tailed Tit","Adult Female",59,8,-4.27117394400895,56.6842976350593
"Long-tailed Tit","Adult Female",59,8.1,-3.98117269914303,56.5834483528712
"Long-tailed Tit","Adult Female",58,7.6,-3.85408844954512,56.7189681367588
"Long-tailed Tit","Adult Female",59,8.2,-3.52864000677056,55.8332028308096
"Long-tailed Tit","Adult Female",59,8.3,-4.29409763324812,56.2752857476185
"Long-tailed Tit","Adult Female",59,8.2,-4.04284462396752,56.5777995549628
"Long-tailed Tit","Adult Female",59,8.1,-3.89813318242944,55.9235449473252
"Long-tailed Tit","Adult Female",59,8.3,-4.63346743100385,56.0966600025752
"Long-tailed Tit","Adult Female",59,8.3,-3.37076245205891,56.547110988626
"Long-tailed Tit","Adult Female",59,8.3,-4.35555168637212,56.6480067051312
"Long-tailed Tit","Adult Female",60,8.6,-4.30324753319322,56.4549640615697
"Long-tailed Tit","Adult Female",59,8.2,-4.27620858515233,56.2406923303017
"Long-tailed Tit","Adult Female",60,8.8,-3.51388595109484,56.2742929330121
"Long-tailed Tit","Adult Female",60,8.9,-3.60941598686605,55.890023832608
"Long-tailed Tit","Adult Female",61,9.4,-3.96316241454136,56.3878603980411
"Long-tailed Tit","Adult Female",57,7.1,-3.44197970444893,56.3337274528839
"Long-tailed Tit","Adult Female",61,9.5,-3.28134261990813,56.6181066174319
"Long-tailed Tit","Adult Female",59,8.3,-4.11371973014917,56.2019957278198
"Long-tailed Tit","Adult Female",60,8.9,-4.37683965140561,56.6560031113965
"Long-tailed Tit","Adult Female",59,8.3,-4.32822369109216,55.9545710803039
"Long-tailed Tit","Adult Female",59,8.1,-2.9348861875135,56.3207648978663
"Long-tailed Tit","Adult Female",59,8.1,-3.40201990929723,56.5141078387388
"Long-tailed Tit","Adult Female",59,8.1,-3.47015737420508,56.662216485448
"Long-tailed Tit","Adult Female",59,8.2,-3.36506539892301,56.531892322305
"Long-tailed Tit","Adult Female",60,8.9,-3.58046701830814,56.5713102563534
"Long-tailed Tit","Adult Female",59,8.3,-4.00979567250317,55.8062026818186
"Long-tailed Tit","Adult Female",59,8.1,-4.50676347288526,56.4021455877077
"Long-tailed Tit","Adult Female",58,7.5,-3.66415517538225,56.1707180556829
"Long-tailed Tit","Adult Female",59,8.3,-3.18249147166016,56.4805991213379
"Long-tailed Tit","Adult Female",59,8.2,-3.93730132802832,55.7977486133787
"Long-tailed Tit","Adult Female",58,7.5,-3.98902700964688,56.1052907356567
"Long-tailed Tit","Adult Female",61,9.5,-3.79329579608511,56.488124970557
"Long-tailed Tit","Adult Female",59,8.1,-3.48361269520797,56.1158388588681
"Long-tailed Tit","Adult Female",59,8.2,-3.06957305641713,56.2644582199561
"Long-tailed Tit","Adult Female",59,8.3,-4.26045492111504,56.3909635443012
"Long-tailed Tit","Adult Female",60,8.9,-3.3439933409002,55.9141700091698
"Long-tailed Tit","Adult Female",61,9.5,-4.71555288041856,56.4440929844202
"Long-tailed Tit","Adult Female",59,8.1,-3.52547316767383,56.2464642979127
"Long-tailed Tit","Adult Female",59,8.1,-4.30021877682655,56.6130829105523
"Long-tailed Tit","Adult Female",60,8.6,-4.00813878697212,55.9058925256305
"Long-tailed Tit","Adult Female",60,8.9,-4.37274142025442,56.2010182174867
"Long-tailed Tit","Adult Female",58,7.5,-3.67055267855206,56.2713122664049
"Long-tailed Tit","Adult Female",60,8.9,-4.44268129037908,56.0206784024556
"Long-tailed Tit","Adult Female",59,8.2,-4.03286095713044,56.6821769288212
"Long-tailed Tit","Adult Female",59,8.3,-3.65745957601662,55.82114244085
"Long-tailed Tit","Adult Female",59,8.1,-3.79062626134785,56.5781346921092
"Long-tailed Tit","Adult Female",59,8.1,-3.55724830035057,56.6303001141577
"Long-tailed Tit","Adult Female",60,8.8,-3.50993840951804,56.3029455850401
"Long-tailed Tit","Adult Female",61,9.4,-3.45866403585169,55.8219121506164
"Long-tailed Tit","Adult Female",60,8.7,-3.66903216973354,56.595547166088
"Long-tailed Tit","Adult Female",60,8.9,-3.68519911740298,56.0919663312835
"Long-tailed Tit","Adult Female",60,8.8,-3.79878497477298,56.6185297749614
"Long-tailed Tit","Adult Female",60,8.6,-3.38051044556085,56.0510833930336
"Long-tailed Tit","Adult Female",60,8.8,-4.05104715617553,56.2063857919587
"Long-tailed Tit","Adult Female",60,8.8,-3.79502407974503,56.6528012434148
"Long-tailed Tit","Adult Female",62,9.9,-3.32855998990938,56.3986943776296
"Long-tailed Tit","Adult Female",59,8.2,-3.24268881343401,55.9820343792752
"Long-tailed Tit","Adult Female",58,7.6,-4.43994719479614,56.3385298307559
"Long-tailed Tit","Adult Female",59,8.2,-3.07350597208268,56.3056052725951
"Long-tailed Tit","Adult Female",61,9.5,-3.43024221349253,56.1373064283643
"Long-tailed Tit","Adult Female",61,9.4,-3.10262768444259,56.3925782914144
"Long-tailed Tit","Adult Female",60,8.9,-3.85510204298145,56.6402464450305
"Long-tailed Tit","Juvenile",57,7.9,-3.63392793470594,56.7092741858609
"Long-tailed Tit","Juvenile",57,7.9,-3.70093102755713,56.5213862186554
"Long-tailed Tit","Juvenile",57,8.1,-3.08296887161045,56.3932012764055
"Long-tailed Tit","Juvenile",58,7.9,-4.72973644170312,56.308397992777
"Long-tailed Tit","Juvenile",58,8.2,-3.81809980121522,55.91826792692
"Long-tailed Tit","Juvenile",59,8.3,-3.676184631137,56.0905206367714
"Long-tailed Tit","Juvenile",58,8.2,-4.28737856839166,56.6481605247499
"Long-tailed Tit","Juvenile",57,7.9,-3.4284610910602,56.6349744527535
"Long-tailed Tit","Juvenile",57,7.9,-3.72952743440803,56.7189632085397
"Long-tailed Tit","Juvenile",57,7.8,-3.71052193989031,56.544544742242
"Long-tailed Tit","Juvenile",58,8.1,-4.35968976830359,56.3459116003847
"Long-tailed Tit","Juvenile",56,7.5,-4.64788884070695,56.1673992614521
"Long-tailed Tit","Juvenile",57,7.8,-3.27223665817221,55.9517643612313
"Long-tailed Tit","Juvenile",59,8.4,-3.96692063442002,56.7368180788003
"Long-tailed Tit","Juvenile",57,8,-4.34097803861819,56.6492167897296
"Long-tailed Tit","Juvenile",58,8.1,-4.28713842444702,56.211134786512
"Long-tailed Tit","Juvenile",57,8.1,-4.05620475000624,56.7036680898448
"Long-tailed Tit","Juvenile",56,7.7,-4.33416478451953,56.2042999110882
"Long-tailed Tit","Juvenile",57,7.8,-4.29598861212967,56.2514243879649
"Long-tailed Tit","Juvenile",59,8.4,-3.85654985370303,55.8863292736594
"Long-tailed Tit","Juvenile",58,8,-4.32597693463263,56.5781199655476
"Long-tailed Tit","Juvenile",58,8,-3.64799796578478,56.1181891084759
"Long-tailed Tit","Juvenile",56,7.7,-3.27794060805035,56.2235065575448
"Long-tailed Tit","Juvenile",59,8.3,-3.88953990614507,55.964742413174
"Long-tailed Tit","Juvenile",57,8,-3.66362548413265,56.6298072175126
"Long-tailed Tit","Juvenile",57,8,-3.79108951904562,56.6524700218664
"Long-tailed Tit","Juvenile",56,7.6,-3.27974748031928,56.0572572514357
"Long-tailed Tit","Juvenile",55,7.4,-4.00834900319218,56.5869200609254
"Long-tailed Tit","Juvenile",58,8.1,-4.3861353769711,56.170385511884
"Long-tailed Tit","Juvenile",58,8.1,-3.83378019187651,55.8913324519061
"Long-tailed Tit","Juvenile",57,8,-3.96629968165145,56.6254925897922
"Long-tailed Tit","Juvenile",57,8,-4.42444974795994,56.2280075887486
"Long-tailed Tit","Juvenile",59,8.4,-3.76585484232112,56.5945854013312
"Long-tailed Tit","Juvenile",58,8.2,-3.16201333184717,55.9388548016844
"Long-tailed Tit","Juvenile",57,7.8,-4.39233368163301,56.0986114319133
"Long-tailed Tit","Juvenile",58,7.9,-4.70046993637925,56.4226050471541
"Long-tailed Tit","Juvenile",58,7.9,-4.34589580206184,56.3598590562255
"Long-tailed Tit","Juvenile",57,8,-3.46100742496486,56.140804953952
"Long-tailed Tit","Juvenile",57,7.8,-4.71295419953113,56.2247453938181
"Long-tailed Tit","Juvenile",58,8,-3.7694106478209,56.5868368797057
"Long-tailed Tit","Juvenile",59,8.3,-4.40631625250685,56.2118052908667
"Long-tailed Tit","Juvenile",56,7.8,-4.42941872242084,55.9960750723177
"Long-tailed Tit","Juvenile",57,8,-4.58621938622834,56.6102451300766
"Long-tailed Tit","Juvenile",56,7.8,-3.31416274243527,56.6620698714778
"Long-tailed Tit","Juvenile",59,8.5,-4.71148237802329,56.3200859731635
"Long-tailed Tit","Juvenile",57,8,-3.8594506475758,56.3511141170098
"Long-tailed Tit","Juvenile",57,7.8,-4.50038065457756,56.0728019139621
"Long-tailed Tit","Juvenile",59,8.3,-3.8209120478495,56.6265530612656
"Long-tailed Tit","Juvenile",57,8,-3.92969336604695,56.2974420450545
"Long-tailed Tit","Juvenile",56,7.8,-3.72476874629838,56.4131489159489
"Long-tailed Tit","Juvenile",58,7.9,-4.43227776841374,56.2384868675921
"Long-tailed Tit","Juvenile",57,8,-4.46724254603825,56.7420488759626
"Long-tailed Tit","Juvenile",56,7.6,-4.06056627805171,56.2245676340616
"Long-tailed Tit","Juvenile",60,8.8,-4.42626365215152,56.0341659442319
"Long-tailed Tit","Juvenile",57,8,-4.52006881274045,56.3057965813512
"Long-tailed Tit","Juvenile",56,7.6,-3.54130936647026,56.356812216042
"Long-tailed Tit","Juvenile",58,8.1,-3.67648634823684,56.7333839750467
"Long-tailed Tit","Juvenile",59,8.1,-2.84029645299933,56.4197673467472
"Long-tailed Tit","Juvenile",59,8.3,-4.07245143684282,56.1627236132165
"Long-tailed Tit","Juvenile",58,8.2,-4.1719813767826,55.8785644736126
"Long-tailed Tit","Juvenile",58,8.2,-4.09546856268435,56.0194847385139
"Long-tailed Tit","Juvenile",58,8.2,-4.48879559326228,56.6599458719369
"Long-tailed Tit","Juvenile",57,7.8,-3.66121858207611,56.0533819104861
"Long-tailed Tit","Juvenile",58,8.1,-4.26384190558589,56.675512350901
"Long-tailed Tit","Juvenile",57,7.8,-4.1148673773293,56.033859731555
"Long-tailed Tit","Juvenile",58,8.1,-3.77593407205703,56.5611032288541
"Long-tailed Tit","Juvenile",59,8.2,-4.35664175177672,56.002686394933
"Long-tailed Tit","Juvenile",57,8.1,-3.83038868648466,56.7709785626694
"Long-tailed Tit","Juvenile",60,8.6,-4.32595306309236,56.3279513702806
"Long-tailed Tit","Juvenile",57,7.8,-3.97932539725738,56.6889485757768
"Long-tailed Tit","Juvenile",59,8.4,-3.32014642430045,56.6839023238996
"Long-tailed Tit","Juvenile",57,7.9,-3.71744917852286,55.796617689312
"Long-tailed Tit","Juvenile",58,7.9,-4.24700489908283,56.1754191560418
"Long-tailed Tit","Juvenile",58,8.2,-3.95559568258708,56.641189110481
"Long-tailed Tit","Juvenile",57,8,-4.31935382601954,56.3106279273135
"Long-tailed Tit","Juvenile",58,8,-3.53983588112526,56.7350372224419
"Long-tailed Tit","Juvenile",58,8.2,-4.0868276541064,56.7098474925925
"Long-tailed Tit","Juvenile",57,8,-4.26483912135572,56.1224517201103
"Long-tailed Tit","Juvenile",57,7.9,-3.5387882262895,56.6037922298224
"Long-tailed Tit","Juvenile",58,8.2,-4.4566569457074,56.7326322701566
"Long-tailed Tit","Juvenile",58,8,-3.76199071417617,55.8326844722027
"Long-tailed Tit","Juvenile",57,8,-4.01528872975097,55.9493538075005
"Long-tailed Tit","Juvenile",57,7.7,-3.16421860519748,56.4693478272672
"Long-tailed Tit","Juvenile",58,8,-4.3734640840898,56.6666394992849
"Long-tailed Tit","Juvenile",59,8.2,-4.45602988695121,56.173438442521
"Long-tailed Tit","Juvenile",58,8.1,-4.33495415684135,56.1567651157524
"Long-tailed Tit","Juvenile",60,8.6,-3.54297597635196,56.2581578390977
"Long-tailed Tit","Juvenile",59,8.3,-2.84993890769422,56.4375791560336
"Long-tailed Tit","Juvenile",56,7.6,-4.0168684455592,56.715455899788
"Long-tailed Tit","Juvenile",57,7.8,-3.52618865068482,56.5797191195648
"Long-tailed Tit","Juvenile",59,8.3,-3.55480873138733,56.5124756536668
"Long-tailed Tit","Juvenile",57,8,-3.76633373470128,56.162098477885
"Long-tailed Tit","Juvenile",56,7.7,-3.71109787453094,55.838156511848
"Long-tailed Tit","Juvenile",59,8.3,-3.96195084633563,56.6201847253509
"Long-tailed Tit","Juvenile",56,7.7,-4.52867316619604,56.4093956510024
"Long-tailed Tit","Juvenile",58,8.1,-4.37373835499129,56.135373944417
"Long-tailed Tit","Juvenile",57,7.9,-4.06016014119475,56.3664460452055
"Long-tailed Tit","Juvenile",57,7.9,-4.70020508338559,56.4017827870519
"Long-tailed Tit","Juvenile",59,8.3,-4.33573543307589,55.9565548030244
"Long-tailed Tit","Juvenile",58,8.2,-4.31450094002834,56.4558820037153
"Coal Tit","Adult Male",60,8.4,-4.24989805373748,56.2801349930553
"Coal Tit","Adult Male",62,9.1,-4.10003140791125,56.0074013346266
"Coal Tit","Adult Male",60,8.5,-3.24548337277799,56.1234958863496
"Coal Tit","Adult Male",62,9.1,-4.12333597051538,56.2047367831491
"Coal Tit","Adult Male",61,8.8,-3.46974063534115,56.6648463468635
"Coal Tit","Adult Male",60,8.6,-3.57087307254675,56.3722585126684
"Coal Tit","Adult Male",61,8.9,-4.55384399609171,56.6439383528905
"Coal Tit","Adult Male",62,9.3,-3.23197137713131,56.4198587573179
"Coal Tit","Adult Male",60,8.5,-3.88731890409591,56.7102590335785
"Coal Tit","Adult Male",62,9.4,-3.45665406720345,56.6538229620464
"Coal Tit","Adult Male",62,9.2,-3.53413040614776,55.8165245992266
"Coal Tit","Adult Male",61,8.9,-4.2125801875508,55.7995421416596
"Coal Tit","Adult Male",61,9,-4.09617755144518,56.8137517214869
"Coal Tit","Adult Male",63,9.6,-4.08564880464347,56.6059088881553
"Coal Tit","Adult Male",63,9.4,-3.87336264207541,56.2570936321092
"Coal Tit","Adult Male",61,8.7,-4.09293390649472,56.0440985497314
"Coal Tit","Adult Male",60,8.4,-4.24867373994961,56.0890045355929
"Coal Tit","Adult Male",62,9.1,-4.12059927753728,56.5549408689143
"Coal Tit","Adult Male",63,9.7,-4.55616942399636,56.0962506416399
"Coal Tit","Adult Male",62,9.3,-4.2603683136647,56.4588992970398
"Coal Tit","Adult Male",60,8.4,-4.32340814183041,56.2027189889113
"Coal Tit","Adult Male",60,8.2,-3.61213247647021,55.915699682287
"Coal Tit","Adult Male",63,9.7,-3.35448155797036,56.3232580940117
"Coal Tit","Adult Male",61,8.8,-3.32896546509378,56.5667422978386
"Coal Tit","Adult Male",62,9.2,-4.66371172372414,56.1263164625219
"Coal Tit","Adult Male",61,9,-3.33117601454592,56.185966637634
"Coal Tit","Adult Male",62,9.3,-3.32074916481115,56.6906975799286
"Coal Tit","Adult Male",62,9.2,-4.30930735873137,56.3312391674272
"Coal Tit","Adult Male",61,8.8,-3.16512665169562,56.6275241012586
"Coal Tit","Adult Male",60,8.5,-3.79866061844539,56.6021094354031
"Coal Tit","Adult Male",62,9.4,-3.22145100897445,56.2491937160212
"Coal Tit","Adult Male",61,8.8,-3.96853480954596,56.6267884646702
"Coal Tit","Adult Male",62,9.3,-4.31221467023138,56.0909225327369
"Coal Tit","Adult Male",60,8.3,-3.6366147603398,56.6754894846061
"Coal Tit","Adult Male",61,8.7,-3.20809372477366,56.0682004793396
"Coal Tit","Adult Male",61,8.7,-3.27914102946188,56.3309866208226
"Coal Tit","Adult Male",62,9.4,-3.56057663532388,56.5345739068061
"Coal Tit","Adult Male",60,8.4,-3.78795781872607,56.6113710441932
"Coal Tit","Adult Male",61,8.9,-3.72044117242276,56.3646662939751
"Coal Tit","Adult Male",61,8.9,-4.43515644402608,56.1451571180134
"Coal Tit","Adult Male",63,9.6,-3.75523847167496,56.6131475480437
"Coal Tit","Adult Male",62,9.1,-3.57012079860995,55.8156745639627
"Coal Tit","Adult Male",63,9.5,-3.0288954710398,56.2508498800325
"Coal Tit","Adult Male",62,9.2,-4.09598872473097,56.7882589474408
"Coal Tit","Adult Male",62,9.2,-3.38666857267177,56.4182163469581
"Coal Tit","Adult Male",61,8.7,-4.30594270443912,56.2142040717507
"Coal Tit","Adult Male",62,9.2,-3.60974877869122,56.1366978067937
"Coal Tit","Adult Male",63,9.5,-4.33626455565299,55.9627147550795
"Coal Tit","Adult Male",62,9.3,-4.25040736831796,56.6742190068843
"Coal Tit","Adult Male",62,9.3,-3.12919900022547,56.1560888415662
"Coal Tit","Adult Male",62,9.1,-3.56384554071716,56.5457257436727
"Coal Tit","Adult Male",62,9.3,-3.97718806527957,56.6353063151791
"Coal Tit","Adult Male",60,8.4,-4.23120265852183,56.599595708827
"Coal Tit","Adult Male",62,9.1,-4.3680217642196,56.4815585580065
"Coal Tit","Adult Male",61,9,-3.61436990294,56.707955725332
"Coal Tit","Adult Male",62,9.1,-3.90815151237126,56.0022756003485
"Coal Tit","Adult Male",62,9.3,-3.38705129282482,56.7041880291647
"Coal Tit","Adult Male",62,9.3,-3.52638433196091,56.3554604531585
"Coal Tit","Adult Male",60,8.2,-4.12560696441705,55.9610231612757
"Coal Tit","Adult Male",61,8.9,-4.67709619443459,56.1599464240975
"Coal Tit","Adult Male",61,8.8,-3.55370406751412,56.2110674226135
"Coal Tit","Adult Male",61,8.8,-3.588908209509,56.6275645525172
"Coal Tit","Adult Male",63,9.5,-3.95219279002381,56.741591568817
"Coal Tit","Adult Male",61,8.7,-3.21961427911214,56.6469671028434
"Coal Tit","Adult Male",62,9.1,-3.93718077606388,56.361809993456
"Coal Tit","Adult Male",62,9.2,-4.21511155773828,55.9801263479608
"Coal Tit","Adult Male",61,8.9,-3.07586210779439,56.3789045833739
"Coal Tit","Adult Male",61,8.9,-3.25060092525452,56.6214483588391
"Coal Tit","Adult Male",62,9.2,-3.88291904579575,55.9880594835806
"Coal Tit","Adult Male",61,8.8,-3.62662609792567,55.8262001244937
"Coal Tit","Adult Male",63,9.7,-4.28348357693136,56.65699581734
"Coal Tit","Adult Male",61,8.9,-4.22350886205784,56.2229796038483
"Coal Tit","Adult Male",61,8.6,-4.28989015751697,56.3789144721742
"Coal Tit","Adult Male",63,9.6,-3.73580876982939,55.8334886433208
"Coal Tit","Adult Male",62,9.3,-3.72360631312493,56.6787771007611
"Coal Tit","Adult Male",64,10.1,-3.3473900837709,56.6273518899254
"Coal Tit","Adult Male",61,8.8,-3.44762852511053,56.1270081201506
"Coal Tit","Adult Male",60,8.2,-4.37561243632075,56.2376554840703
"Coal Tit","Adult Male",62,9.2,-3.51538240593033,56.5278711474335
"Coal Tit","Adult Male",61,8.6,-3.6872108845606,56.1019000773167
"Coal Tit","Adult Male",63,9.5,-4.28204543008498,56.2421836935599
"Coal Tit","Adult Male",61,8.6,-4.26656761693382,56.3727819950568
"Coal Tit","Adult Male",60,8.3,-3.27814564726701,56.4063182545343
"Coal Tit","Adult Male",64,10.1,-4.47379829211529,56.0379170948581
"Coal Tit","Adult Male",62,9.3,-3.78700791915125,55.776282876169
"Coal Tit","Adult Male",63,9.6,-3.66552180568984,55.8778658500417
"Coal Tit","Adult Male",61,8.7,-4.35552187959844,56.7138176543532
"Coal Tit","Adult Male",61,9,-3.27008879076125,56.2803982819627
"Coal Tit","Adult Male",59,8,-4.4478916381133,56.1586529816706
"Coal Tit","Adult Male",62,9.1,-3.96405464442256,56.0953671484286
"Coal Tit","Adult Male",62,9.2,-3.72606018072051,55.8069047716432
"Coal Tit","Adult Male",63,9.5,-4.46664935963219,56.1920325775246
"Coal Tit","Adult Male",62,9.3,-3.94431345691336,56.2676177405024
"Coal Tit","Adult Male",63,9.5,-3.84816346189882,56.5890203464743
"Coal Tit","Adult Male",60,8.3,-3.20217486090188,56.6084451439593
"Coal Tit","Adult Male",62,9.2,-4.26374802532749,56.162186164059
"Coal Tit","Adult Male",61,8.7,-2.75735816812274,56.2315881279448
"Coal Tit","Adult Male",63,9.8,-3.71010014751486,55.8409260038137
"Coal Tit","Adult Male",62,9.3,-4.55127830532431,56.6380372805585
"Coal Tit","Adult Male",62,9.2,-4.71459487560891,56.4273457215081
"Coal Tit","Adult Female",60,9.7,-4.31169662330091,56.2118233278658
"Coal Tit","Adult Female",58,8.6,-3.9086240238292,56.7776579234667
"Coal Tit","Adult Female",58,8.5,-4.3757730057541,56.1877162225357
"Coal Tit","Adult Female",59,9.2,-3.95619375022586,56.6352218381652
"Coal Tit","Adult Female",61,10.2,-4.250916723046,56.1366243266878
"Coal Tit","Adult Female",60,10,-4.73277413115763,56.2097870215803
"Coal Tit","Adult Female",60,9.9,-4.02036718510346,56.1072300790902
"Coal Tit","Adult Female",59,9.1,-3.97705965912964,56.2141414426426
"Coal Tit","Adult Female",60,9.8,-3.45619331593356,56.2185527895965
"Coal Tit","Adult Female",59,9.3,-4.50335559033511,56.3234451571719
"Coal Tit","Adult Female",58,8.5,-4.09257676796503,56.0429411139487
"Coal Tit","Adult Female",59,9.3,-3.98810476209022,56.717844487957
"Coal Tit","Adult Female",61,10.3,-3.47412830910872,56.5667921434558
"Coal Tit","Adult Female",62,11.1,-3.34385828753279,56.6222063682679
"Coal Tit","Adult Female",60,9.8,-3.36264510231669,56.4558549368637
"Coal Tit","Adult Female",59,9.1,-4.04489775226707,56.5838605923477
"Coal Tit","Adult Female",60,9.7,-3.52856042870189,56.7616567730159
"Coal Tit","Adult Female",60,10,-3.11652123494647,56.2880389982588
"Coal Tit","Adult Female",59,9.2,-3.9102345130019,55.956573080094
"Coal Tit","Adult Female",59,9.2,-3.40832781681802,56.5362887553676
"Coal Tit","Adult Female",60,9.9,-4.45029045526288,56.2581992754034
"Coal Tit","Adult Female",60,10,-3.97120296097083,56.3800727887724
"Coal Tit","Adult Female",62,10.9,-3.24878000133703,56.3809593545903
"Coal Tit","Adult Female",59,9,-4.11239837054345,56.7915854872464
"Coal Tit","Adult Female",59,9.3,-4.42631511472631,56.1100085633748
"Coal Tit","Adult Female",59,9.3,-3.75756809169712,56.7294754966166
"Coal Tit","Adult Female",60,9.6,-2.8336559554076,56.434866578716
"Coal Tit","Adult Female",59,9,-3.74409186397558,55.7883829858659
"Coal Tit","Adult Female",59,9.1,-3.52962904310879,56.0755655604472
"Coal Tit","Adult Female",59,9.3,-3.84862120057657,55.8709841461479
"Coal Tit","Adult Female",61,10.2,-4.34678549756432,56.3318889757155
"Coal Tit","Adult Female",61,10.3,-3.33184050658899,56.7064726609092
"Coal Tit","Adult Female",61,10.4,-4.50791502403518,56.4067669744265
"Coal Tit","Adult Female",60,9.8,-4.54303110920171,56.2159128963443
"Coal Tit","Adult Female",59,9.1,-3.42630426565975,56.0905654069698
"Coal Tit","Adult Female",59,9.2,-3.58953311198508,56.5501120041859
"Coal Tit","Adult Female",59,9.3,-3.65449248123143,56.5325638128563
"Coal Tit","Adult Female",59,9.2,-4.39184139978503,55.9870359285009
"Coal Tit","Adult Female",59,9.2,-4.25242062805033,55.8776814088083
"Coal Tit","Adult Female",60,9.8,-4.06326638795659,55.8855613999996
"Coal Tit","Adult Female",60,9.8,-3.59830007426879,56.6192301355715
"Coal Tit","Adult Female",60,9.6,-4.45319285605474,56.0271191425804
"Coal Tit","Adult Female",59,9.2,-3.69974677646771,56.6656479318087
"Coal Tit","Adult Female",59,9.3,-4.37035013610979,56.6670001856198
"Coal Tit","Adult Female",60,9.9,-3.59377416836124,56.3481645498346
"Coal Tit","Adult Female",59,9.2,-3.51371700098385,56.2707710133484
"Coal Tit","Adult Female",59,9.3,-4.56581975981119,56.6223798534038
"Coal Tit","Adult Female",60,9.7,-2.80620315607844,56.2954900713059
"Coal Tit","Adult Female",60,10,-3.49318540443083,56.6665698883669
"Coal Tit","Adult Female",59,9.3,-2.81211548606068,56.3325970355166
"Coal Tit","Adult Female",59,9.1,-3.88676431982996,56.6170912633823
"Coal Tit","Adult Female",61,10.3,-3.48497171018269,56.5845058414336
"Coal Tit","Adult Female",58,8.8,-4.53138397314073,56.4124845746623
"Coal Tit","Adult Female",60,9.8,-3.9111690746814,56.3569659957593
"Coal Tit","Adult Female",58,8.6,-3.68582864904604,56.6561582987447
"Coal Tit","Adult Female",60,9.7,-3.50499442869651,56.1553586303399
"Coal Tit","Adult Female",61,10.5,-4.69134392169573,56.2696477718239
"Coal Tit","Adult Female",61,10.2,-3.69814093678986,55.8208359093847
"Coal Tit","Adult Female",60,9.6,-3.6208821346442,56.7068362018287
"Coal Tit","Adult Female",59,9.2,-4.40215826449673,56.171640907154
"Coal Tit","Adult Female",59,9.1,-3.32423237995177,56.7066451515279
"Coal Tit","Adult Female",61,10.6,-4.10439289479276,56.0453214009267
"Coal Tit","Adult Female",59,9.2,-4.27525323109852,56.4556268811962
"Coal Tit","Adult Female",61,10.2,-4.55441272043252,56.4145507216938
"Coal Tit","Adult Female",59,9.3,-4.30139724463348,56.4825585501459
"Coal Tit","Adult Female",58,8.7,-3.13489779393629,56.2753007848811
"Coal Tit","Adult Female",58,8.6,-4.1673743885431,56.1281296520141
"Coal Tit","Adult Female",60,9.8,-2.84169728649332,56.4245525846191
"Coal Tit","Adult Female",60,10,-3.83719016616574,56.1270388907165
"Coal Tit","Adult Female",59,9.1,-3.32613983813923,56.5098752056183
"Coal Tit","Adult Female",60,10,-3.57805981133337,56.6291095400527
"Coal Tit","Adult Female",60,9.6,-4.06061957420147,56.0828391733588
"Coal Tit","Adult Female",60,9.9,-4.32977269553595,56.2131399644778
"Coal Tit","Adult Female",60,9.7,-4.40391792830841,56.123496794497
"Coal Tit","Adult Female",61,10.5,-4.33596471278389,56.3606643250171
"Coal Tit","Adult Female",60,9.7,-3.8107737793371,55.9134902362986
"Coal Tit","Adult Female",58,8.5,-3.38669834285526,55.8879003765237
"Coal Tit","Adult Female",59,9.3,-3.65595778104646,56.7461428433637
"Coal Tit","Adult Female",59,9.1,-3.47083176999236,56.2822222659287
"Coal Tit","Adult Female",59,9.1,-4.2487272038044,55.8040165515293
"Coal Tit","Adult Female",59,9.2,-4.48053187971899,56.3672283457483
"Coal Tit","Adult Female",60,9.9,-4.509078567111,56.6467444118411
"Coal Tit","Adult Female",60,9.9,-3.67106857275981,56.5587430749692
"Coal Tit","Adult Female",59,9.3,-3.42568085728301,56.1305038785502
"Coal Tit","Adult Female",59,9.3,-4.54527659770958,56.2267830494788
"Coal Tit","Adult Female",60,10,-3.74638998543606,56.613938487482
"Coal Tit","Adult Female",59,9,-3.55872182533494,56.5840526355913
"Coal Tit","Adult Female",59,9.3,-4.56443029976729,56.6675743586854
"Coal Tit","Adult Female",59,9.2,-3.45839267641114,55.8682483183143
"Coal Tit","Adult Female",60,10,-3.52254674898094,56.0610079244106
"Coal Tit","Adult Female",58,8.7,-3.52257966642879,56.7115131360346
"Coal Tit","Adult Female",59,9.1,-3.25481406331727,56.2525836878331
"Coal Tit","Adult Female",59,9.2,-3.76512073439625,56.2743777310258
"Coal Tit","Adult Female",61,10.4,-4.465998659549,56.3575443752679
"Coal Tit","Adult Female",59,9.2,-3.88600493926554,56.7380557061583
"Coal Tit","Adult Female",60,9.8,-3.41197580265704,56.3877127762827
"Coal Tit","Adult Female",59,9,-4.36206927345687,55.7988349158689
"Coal Tit","Adult Female",60,9.8,-2.91565023071323,56.2161209943748
"Coal Tit","Adult Female",58,8.5,-4.01500336389138,55.9578634650978
"Coal Tit","Adult Female",59,9.3,-4.66558010206626,56.4001341195954
"Coal Tit","Juvenile",59,8.5,-4.24799687330824,56.2539585148028
"Coal Tit","Juvenile",61,9.1,-4.40087728470442,55.9866223932746
"Coal Tit","Juvenile",61,9.2,-3.40328206191324,56.4337533818511
"Coal Tit","Juvenile",61,9.2,-4.31966597945411,56.0478561740658
"Coal Tit","Juvenile",60,8.6,-3.64183786839387,56.3780149337263
"Coal Tit","Juvenile",59,8.4,-3.77978916649113,56.575760259711
"Coal Tit","Juvenile",60,8.8,-4.22976885574388,55.9567115122036
"Coal Tit","Juvenile",60,8.7,-4.33096319236718,56.4370108322491
"Coal Tit","Juvenile",61,9.2,-2.69858404846414,56.315498571583
"Coal Tit","Juvenile",61,9.1,-3.90170973456581,55.8460312066963
"Coal Tit","Juvenile",61,9.4,-4.67912014358382,56.194591296163
"Coal Tit","Juvenile",59,8.5,-3.85314903712473,55.9156563328883
"Coal Tit","Juvenile",59,8.3,-3.52010449927823,56.2704817382942
"Coal Tit","Juvenile",60,8.9,-3.96717167360132,55.9092897049216
"Coal Tit","Juvenile",61,9.3,-4.08888685078698,56.0187935169558
"Coal Tit","Juvenile",60,8.8,-3.63244982273495,56.4374292963994
"Coal Tit","Juvenile",59,8.5,-3.06688704745594,56.3925127933214
"Coal Tit","Juvenile",61,9.4,-4.69034141610275,56.4203456905673
"Coal Tit","Juvenile",61,9.3,-3.4983073512873,55.8219304425091
"Coal Tit","Juvenile",61,9.3,-4.49275204607443,56.697786452606
"Coal Tit","Juvenile",59,8.4,-4.57818070183288,56.6214930255434
"Coal Tit","Juvenile",61,9.1,-3.34536628708079,56.4709476292232
"Coal Tit","Juvenile",59,8.3,-3.96677520265235,56.2678017226164
"Coal Tit","Juvenile",61,9.2,-4.74055334944822,56.2199425355721
"Coal Tit","Juvenile",60,8.9,-4.4187986399034,56.1138807119275
"Coal Tit","Juvenile",62,9.6,-3.95363793423544,55.9741569307562
"Coal Tit","Juvenile",62,9.5,-3.31003157045916,56.6996966863231
"Coal Tit","Juvenile",62,9.7,-3.87353078923505,56.6308053974646
"Coal Tit","Juvenile",61,9.2,-4.22474904277417,56.2495960909301
"Coal Tit","Juvenile",60,8.8,-3.18357521509339,55.9190729100783
"Coal Tit","Juvenile",61,9.1,-4.08952972565191,56.2332011824914
"Coal Tit","Juvenile",61,9.2,-3.91607141231164,55.97436131742
"Coal Tit","Juvenile",61,9.2,-3.82551340475744,55.7874217323303
"Coal Tit","Juvenile",61,9.3,-3.98498426395836,56.0900989752012
"Coal Tit","Juvenile",60,8.8,-3.95608906976365,55.7656820085626
"Coal Tit","Juvenile",61,9.1,-3.98420761384161,56.0884919557728
"Coal Tit","Juvenile",61,9.3,-4.55406891851815,56.2453481945926
"Coal Tit","Juvenile",60,8.9,-3.97533382091395,55.9195715018013
"Coal Tit","Juvenile",62,9.8,-4.30366757279702,56.0668031143934
"Coal Tit","Juvenile",59,8.5,-3.85306426934773,55.8693661549785
"Coal Tit","Juvenile",59,8.3,-4.21287208120156,56.2259113498384
"Coal Tit","Juvenile",59,8.4,-3.62163184777604,56.5560935832983
"Coal Tit","Juvenile",62,9.5,-3.73811454677032,56.6699732571536
"Coal Tit","Juvenile",61,9.2,-3.5793005276894,56.2660228152067
"Coal Tit","Juvenile",61,9.3,-4.44483069356154,56.4152254735997
"Coal Tit","Juvenile",61,9.2,-3.55600880265108,56.3653212377341
"Coal Tit","Juvenile",60,8.9,-3.57446467036513,56.2457838729175
"Coal Tit","Juvenile",60,8.9,-4.05756499989981,56.7499422695665
"Coal Tit","Juvenile",60,8.9,-3.42756423912678,56.6798072648231
"Coal Tit","Juvenile",61,9.1,-3.71538849892327,56.782710257375
"Coal Tit","Juvenile",60,8.7,-3.61474805541793,55.9185909434737
"Coal Tit","Juvenile",60,8.8,-3.36354160206955,56.3607521216349
"Coal Tit","Juvenile",60,8.8,-3.32795902859657,56.4066396247034
"Coal Tit","Juvenile",61,9.3,-4.22388243872948,56.2213729562332
"Coal Tit","Juvenile",62,9.7,-3.4816269086084,55.887145822196
"Coal Tit","Juvenile",62,9.4,-4.60492768151804,56.1059327745721
"Coal Tit","Juvenile",60,8.7,-4.05019658168236,56.376822841391
"Coal Tit","Juvenile",61,9.1,-4.44152892458929,56.7203051786234
"Coal Tit","Juvenile",61,9,-3.79130747713961,56.5729559375962
"Coal Tit","Juvenile",62,9.5,-3.33442891274836,56.5708226580079
"Coal Tit","Juvenile",59,8.5,-3.71522685007938,56.2887491088222
"Coal Tit","Juvenile",61,9.3,-3.52225313762413,56.746989235255
"Coal Tit","Juvenile",60,9,-3.709152602417,55.8020567335621
"Coal Tit","Juvenile",62,9.6,-4.73912565621527,56.3430785208184
"Coal Tit","Juvenile",60,8.7,-3.31848436227419,56.4068472902768
"Coal Tit","Juvenile",62,9.7,-3.58133229138475,56.259431424529
"Coal Tit","Juvenile",62,9.6,-4.73233169226043,56.3120130053917
"Coal Tit","Juvenile",58,8.1,-4.54545159892291,56.1964098295287
"Coal Tit","Juvenile",62,9.6,-4.55667070753877,56.1147787446214
"Coal Tit","Juvenile",60,8.8,-3.6629712739324,56.691249089787
"Coal Tit","Juvenile",60,8.8,-3.13182688160749,56.3289938560289
"Coal Tit","Juvenile",60,8.7,-3.45801643424594,56.2735694942848
"Coal Tit","Juvenile",61,9.3,-4.06759509612804,56.5882870103964
"Coal Tit","Juvenile",60,8.8,-4.39454036065637,56.2530252294052
"Coal Tit","Juvenile",60,8.9,-4.37406811084725,56.6649972310617
"Coal Tit","Juvenile",59,8.3,-3.9345262758283,56.7254602192342
"Coal Tit","Juvenile",61,9.4,-4.6573336570589,56.1311896911454
"Coal Tit","Juvenile",60,8.8,-3.39603258213457,56.767552887313
"Coal Tit","Juvenile",60,8.9,-4.42265076290931,56.0209787906608
"Coal Tit","Juvenile",61,9.2,-4.29201917589915,56.1419908709758
"Coal Tit","Juvenile",60,8.7,-3.50100508587914,56.4862199909149
"Coal Tit","Juvenile",60,8.9,-4.20694902724507,56.0267996418876
"Coal Tit","Juvenile",60,9,-3.90674420241399,56.6465769910497
"Coal Tit","Juvenile",60,8.8,-4.5048843695525,56.4066369766138
"Coal Tit","Juvenile",63,10.1,-3.78477217481371,56.5871479859145
"Coal Tit","Juvenile",61,9.3,-3.92049499274213,56.6064002070802
"Coal Tit","Juvenile",61,9.1,-4.33772919684464,56.4457760912864
"Coal Tit","Juvenile",62,9.6,-3.57766335004015,55.8191196101978
"Coal Tit","Juvenile",62,9.6,-4.3988794436707,56.4873751013409
"Coal Tit","Juvenile",62,9.4,-3.64491962768061,56.0995032472904
"Coal Tit","Juvenile",61,9.2,-4.34694741981823,56.3501011631479
"Coal Tit","Juvenile",61,9.1,-4.52543190164058,56.3284607453402
"Coal Tit","Juvenile",60,8.9,-3.19830306050599,56.1544934342032
"Coal Tit","Juvenile",60,8.9,-3.68634945396193,55.8407162950583
"Coal Tit","Juvenile",60,8.9,-4.30083281811517,56.3602760161886
"Coal Tit","Juvenile",59,8.4,-3.6206133365168,56.7131322368537
"Coal Tit","Juvenile",60,9,-3.54187817517179,56.3679538426437
"Coal Tit","Juvenile",60,8.8,-3.87651848327967,56.6178699726677
"Coal Tit","Juvenile",60,8.9,-4.06540822560949,55.8442177735779
"Coal Tit","Juvenile",60,8.8,-4.39677240023738,56.2234720701886
